"Subsector","Actividad","RUT","No. de Identificación","Nombre","Sector/Zona Turística","Provincia","Estatus Proceso","Estatus Licencia","Estatus Establecimiento","Fecha de Vencimiento","Teléfono","Correo"
"Establecimientos de hospedaje","Hoteles","EH-HOTE-1801-00795","105002108","Hotel Boutique Casa Colonial Beach & spa","Playa Dorada","Puerto Plata","Vigente","Activa","Abierto","2027-02-16","8092618609",""
"Establecimientos de hospedaje","Apartahotel","EH-APHO-3204-01016","101157623","Boca Grande","Ibarra, Boca Chica","Santo Domingo","Sin licencia","En formación","Cerrado","","8295338484",""
"Establecimientos de hospedaje","Hoteles","EH-HOTE-0601-01103","130672606","Hotel Libano","San Francisco - Centro Ciudad","Duarte","Sin licencia","En formación","Abierto","","8095883346",""
"Establecimientos de hospedaje","Hoteles","EH-HOTE-2003-01105","131402143","El Saman Inn Las Terrenas","Las Terrenas","Samaná","Sin licencia","En formación","Abierto","","8092349301",""
"Establecimientos de hospedaje","Hoteles","EH-HOTE-2003-01108","13179453","El Mosquito Boutique Hotel","Las Terrenas","Samaná","Sin licencia","En formación","Abierto","","8099672175",""
"Establecimientos de hospedaje","Apartahotel","EH-APHO-2003-01110","131544347","Hotel Condominio Albachiara","Las terrenas","Samaná","Vigente","Activa","Abierto","2026-11-12","8099798086",""
"Establecimientos de hospedaje","Hoteles","EH-HOTE-2001-01116","130117772","Enjoy RD","Las Terrenas","Samaná","Sin licencia","En formación","Cerrado","","8298109222",""
"Establecimientos de hospedaje","Hoteles","EH-HOTE-0101-01117","130637946","HOTEL JADE","Zona Colonial","Distrito Nacional","Vencida","Inactiva","Cerrado","2023-05-17","8096886312",""
"Establecimientos de hospedaje","Hoteles","EH-HOTE-2201-01118","118012197","Hotel Maguana","San Juan de la Maguna","San Juan","Sin licencia","En formación","Abierto","","8095572244",""
"Establecimientos de hospedaje","Hoteles","EH-HOTE-2001-01119","130320241","Hotel Todo Blanco","Las Galeras","Samaná","Sin licencia","En formación","Abierto","","8095380201",""
"Establecimientos de hospedaje","Hoteles","EH-HOTE-2003-01120","131449395","Hotel Piedra marron","Las Terrenas","Samaná","Sin licencia","En formación","Abierto","","8098908046",""
"Establecimientos de hospedaje","Hoteles","EH-HOTE-1101-01121","101065184","CLUB MED","Punta Cana","La Altagracia","Vigente","Activa","Abierto","2026-07-09","8092550980",""
"Establecimientos de hospedaje","Hoteles","EH-HOTE-0802-01122","101065184","CLUB MED","Playa Esmeralda","El Seibo","Vigente","Activa","Abierto","2026-05-08","8092550980",""
"Establecimientos de hospedaje","Hoteles","EH-HOTE-0401-01123","130929947","HOTEL LA SALADILLA BEACH CLUB","La Saladilla","Barahona","Sin licencia","En formación","Cerrado","","8096678939",""
"Establecimientos de hospedaje","Hoteles","EH-HOTE-0101-01129","131937535","Lolita Hotel","Zona Colonial","Distrito Nacional","Sin licencia","En formación","Cerrado","","8095486694",""
"Establecimientos de hospedaje","Hoteles","EH-HOTE-1101-01130","130507912","Green Coast Punta Cana","Cortecito","La Altagracia","Sin licencia","En formación","Cerrado","","",""
"Establecimientos de hospedaje","Hoteles","EH-HOTE-3204-01131","131945562","Coco Sand Beach Hotel","Boca Chica","Santo Domingo","Sin licencia","En formación","Cerrado","","8095235688",""
"Establecimientos de hospedaje","Hoteles","EH-HOTE-1201-01132","112102106","Hotel Olimpo","La Romana - Centro Ciudad","La Romana","Sin licencia","En formación","Abierto","","8095507646",""
"Establecimientos de hospedaje","Hoteles","EH-HOTE-1801-01135","3700930799","Bliss Spa And Beaty Salon By ¨Lufame¨","Playa Chiquita","Puerto Plata","Sin licencia","En formación","Abierto","","8494572229",""
"Establecimientos de hospedaje","Hoteles","EH-HOTE-0101-01138","130793468","Casa Sanchez Boutique Hotel","Zona Colonial","Distrito Nacional","Sin licencia","En formación","Abierto","","8096827321",""
"Establecimientos de hospedaje","Hoteles","EH-HOTE-1101-01139","130339151","Hotel Chame","Chame, Bávaro","La Altagracia","Sin licencia","En formación","Abierto","","8095521367",""
"Establecimientos de hospedaje","Hoteles","EH-HOTE-1101-01140","130295001","Hotel Secrets Cap Cana Resort & Spa","Playa Juanillo","La Altagracia","Vencida","Inactiva","Abierto","2022-11-02","8095676665",""
"Establecimientos de hospedaje","Hoteles","EH-HOTE-1807-01141","130508072","HOTEL COCO","El Batey","Puerto Plata","Sin licencia","En formación","Cerrado","","8095713217",""
"Establecimientos de hospedaje","Hoteles","EH-HOTE-1101-01143","131623751","PARADISUS GRAND CANA","Bávaro","La Altagracia","Vigente","Activa","Abierto","2027-02-17","8095493446",""
"Establecimientos de hospedaje","Hoteles","EH-HOTE-1807-01144","105085305","HOTEL ATLANTICO","El Batey","Puerto Plata","Sin licencia","En formación","Cerrado","","8095712367",""
"Establecimientos de hospedaje","Hoteles","EH-HOTE-3201-01148","131512862","Golden House Hotel y Restaurante","Los Rosales","Santo Domingo","Sin licencia","En formación","Abierto","","8097880103",""
"Establecimientos de hospedaje","Hoteles","EH-HOTE-1101-01150","11112567","SOSA PLAZA HOTEL","Bávaro","La Altagracia","Sin licencia","En formación","Abierto","","8094405222",""
"Establecimientos de hospedaje","Hoteles","EH-HOTE-0101-01151","130499837","B&B Suite Colonial","Zona Colonial","Distrito Nacional","Sin licencia","En formación","Cerrado","","8096851082",""
"Establecimientos de hospedaje","Hoteles","EH-HOTE-1801-01152","1050304406","La Punta de Cabarete Hotel","Callejón de los Perez","Puerto Plata","Sin licencia","En formación","Abierto","","8098565608",""
"Establecimientos de hospedaje","Hoteles","EH-HOTE-1101-01157","131844189","Selectum Luxury Villa Punta Cana","Macao","La Altagracia","Sin licencia","En formación","Cerrado","","8098334530",""
"Establecimientos de hospedaje","Hoteles","EH-HOTE-1201-00080","101029226","CASA DE CAMPO","CASA DE CAMPO","La Romana","Incompleta","Inactiva","Abierto","","8094755533",""
"Establecimientos de hospedaje","Hoteles","EH-HOTE-2002-01162","131471943","Balcones De La Bahia","Sánchez","Samaná","Sin licencia","En formación","Abierto","","8099155055",""
"Establecimientos de hospedaje","Apartahotel","EH-APHO-1101-00060","131175279","Grupo Bonnet","Cap Cana","La Altagracia","Sin licencia","En formación","Abierto","","8098550101",""
"Establecimientos de hospedaje","Hoteles","EH-HOTE-1102-00899","130146421","Hotel Tracadero Beach Club & Resort","Dominicus Americanus","La Altagracia","Sin licencia","En formación","Abierto","","8099684013",""
"Establecimientos de hospedaje","Hoteles","EH-HOTE-2003-00205","131794531","INVERSIONES LAS MOSQUITERAS UNLIMITED","Las Terrenas","Samaná","Sin licencia","En formación","Abierto","","8294042048",""
"Establecimientos de hospedaje","Hoteles","EH-HOTE-0101-00054","132202422","EL Mosquito Boutique Hotel","Zona Colonial","Distrito Nacional","Incompleta","Inactiva","Abierto","","8099672175",""
"Establecimientos de hospedaje","Hoteles","EH-HOTE-1303-00257","103036392","HOTEL GRAN JIMENOA","JARABACOA","La Vega","Sin licencia","En formación","Abierto","","8095746304",""
"Establecimientos de hospedaje","Hoteles","EH-HOTE-1101-00101","130689857","PRESIDENTIAL SUITES PUNTA CANA","El Cortecito","La Altagracia","No aplica","No aplica","Cerrado","","8095520337",""
"Establecimientos de hospedaje","Hoteles","EH-HOTE-2003-00044","131402143","SAMAN BOUTIQUE HOTEL","Las Terrenas","Samaná","Vencida","Inactiva","Abierto","2022-09-06","8092406916",""
"Establecimientos de hospedaje","Hoteles","EH-HOTE-0101-00079","132175192","CC.N.Y Hotel & Restaurante","Zona Colonial","Distrito Nacional","Sin licencia","En formación","Cerrado","","8099888509",""
"Establecimientos de hospedaje","Hoteles","EH-HOTE-0101-00245","131950035","HOTEL DE ANGEL","San Juan - Centro Ciudad","San Juan","Sin licencia","En formación","Abierto","","8095574653",""
"Establecimientos de hospedaje","Hoteles","EH-HOTE-1807-00055","131924972","HOTEL RANCHO SOSUA","El Batey","Puerto Plata","Vencida","Inactiva","Abierto","2026-03-04","8095714070",""
"Establecimientos de hospedaje","Hoteles","EH-HOTE-1303-00229","132119045","HOSTAL CAFE COLAO","La Vega - Centro Ciudad","La Vega","Sin licencia","En formación","Abierto","","8097610793",""
"Establecimientos de hospedaje","Hoteles","EH-HOTE-1101-00112","131734901","PARADISE NAI SUITES","","La Altagracia","En proceso","Activa","Abierto","","8098726538",""
"Establecimientos de hospedaje","Hoteles","EH-HOTE-1807-00094","131604668","PRESIDENTIAL SUITES BY LIFESTYLE","Cabarete","Puerto Plata","Vigente","Activa","Abierto","2027-02-16","8099707777",""
"Establecimientos de hospedaje","Hoteles","EH-HOTE-1404-01202","131579272","Aparta Hotel Grigri","Rio San Juan","María Trinidad Sánchez","Sin licencia","En formación","Abierto","","8092356642",""
"Establecimientos de hospedaje","Apartahotel","EH-APHO-1301-00296","132251881","HOTEL MARTINICA","Cerca de Vega Vieja","La Vega","Sin licencia","En formación","Cerrado","","8092425624",""
"Establecimientos de hospedaje","Hoteles","EH-HOTE-0101-00123","130665001","WESTON SUITES HOTEL","La Julia","Distrito Nacional","En proceso","Activa","Abierto","","8295678888",""
"Establecimientos de hospedaje","Hoteles","EH-HOTE-1101-00147","130268282","Whala Bavaro","Bávaro","La Altagracia","Vigente","Activa","Abierto","2026-09-29","8095676665",""
"Establecimientos de hospedaje","Hoteles","EH-HOTE-1101-00390","131931065","AC HOTELS BY MARRIOTT","Bávaro","La Altagracia","Vigente","Activa","Abierto","2026-08-05","8097327240",""
"Establecimientos de hospedaje","Hoteles","EH-HOTE-1101-00681","101512865","TRS Turquesa Hotel","Playa Bávaro","La Altagracia","Vigente","Activa","Abierto","2026-09-03","8095628222",""
"Establecimientos de hospedaje","Hoteles","EH-HOTE-1101-00766","131037879","SPORTS ILLUSTRATED RESORTS MARINA & VILLAS","Cap Cana","La Altagracia","Vigente","Activa","Abierto","2026-10-03","8094697680",""
"Establecimientos de hospedaje","Hoteles","EH-HOTE-1801-00029","131306675","SUNSCAPE PUERTO PLATA","Playa Dorada","Puerto Plata","No aplica","No aplica","Cerrado","2024-06-29","8098499796",""
"Establecimientos de hospedaje","Hoteles","EH-HOTE-1807-00156","132015071","Greenland Bubbles Glamping","Islabón, Cabarete","Puerto Plata","Sin licencia","En formación","Abierto","","8097847322",""
"Establecimientos de hospedaje","Hoteles","EH-HOTE-2003-00304","131496352","Coson Bay Hotel & Residences","Las Terrenas","Samaná","Sin licencia","En formación","Abierto","","8095627666",""
"Establecimientos de hospedaje","Hoteles","EH-HOTE-2003-00306","131973663","Takuma Boutik Hotel","Las Terrenas","Samaná","Vencida","Inactiva","Abierto","2023-02-21","8298989950",""
"Establecimientos de hospedaje","Hoteles","EH-HOTE-2301-00066","131063039","Condo Hotel Casa Hemingway","Juan Dolio","San Pedro de Macorís","En proceso","Activa","Abierto","","8097327240",""
"Establecimientos de hospedaje","Hoteles","EH-HOTE-2401-00842","130945896","Maria Yobon Hostal","La Fortuna","Distrito Nacional","Sin licencia","En formación","Abierto","","8095852700",""
"Establecimientos de hospedaje","Hoteles","EH-HOTE-2801-00799","131466826","Rancho Guacamayos","Los Quemados","Monseñor Nouel","Vigente","Activa","Abierto","2027-02-02","8095599420",""
"Establecimientos de hospedaje","Hoteles","EH-HOTE-0101-00286","130268282","Whala Boca Chica","Boca Chica","Santo Domingo","Vigente","Activa","Abierto","2026-06-06","8095676665",""
"Establecimientos de hospedaje","Hoteles","EH-HOTE-0101-01097","131571042","TAU HOTELS DOMINICANA","Zona Colonial","Distrito Nacional","Sin licencia","En formación","Abierto","","8292577920",""
"Establecimientos de hospedaje","Apartahotel","EH-APHO-1404-01021","110124899","APARTA HOTEL PLAZA IWMI","Nagua - Centro","María Trinidad Sánchez","Sin licencia","En formación","Cerrado","","8096694736",""
"Establecimientos de hospedaje","Hoteles","EH-HOTE-0101-01241","130268282","Whala Don Juan","Boca Chica","Distrito Nacional","Sin licencia","En formación","Abierto","","8098203335",""
"Establecimientos de hospedaje","Hoteles","EH-HOTE-0101-01262","101771242","HOTEL NOVUS PLAZA","Zona Colonial","Distrito Nacional","Vencida","Inactiva","Abierto","2025-08-05","8096885500",""
"Establecimientos de hospedaje","Hoteles","EH-HOTE-1801-01329","130451869","Casa Cayena Club","Puerto Plata","Puerto Plata","Vencida","Inactiva","Cerrado","2013-08-09","8299448499",""
"Establecimientos de hospedaje","Hoteles","EH-HOTE-0101-01296","130029539","Carey House Hotel","Gazcue","Distrito Nacional","Sin licencia","En formación","Cerrado","","8096884808",""
"Establecimientos de hospedaje","Hoteles","EH-HOTE-2001-01318","101885602","La Isleta Aparta H.","Las Galeras","Samaná","Sin licencia","En formación","Abierto","","8095380116",""
"Establecimientos de hospedaje","Hoteles","EH-HOTE-2001-00911","101108193","Hotel Conde de Peñalba","Zona Colonial","Distrito Nacional","Vencida","Inactiva","Abierto","2026-01-16","8096887121",""
"Establecimientos de hospedaje","Hoteles","EH-HOTE-0101-01291","101856505","Las Palmeras de la Bahia","Ensanche Miraflores","Distrito Nacional","Sin licencia","En formación","Abierto","","8092406231",""
"Establecimientos de hospedaje","Hoteles","EH-HOTE-2306-00227","101869951","HODELPA GARDEN SUITES","Juan Dolio","San Pedro de Macorís","En proceso","Activa","Abierto","","8096831000",""
"Establecimientos de hospedaje","Apartahotel","EH-APHO-1102-00928","132058798","Hotel Villa Iguana","Los Melones","La Altagracia","Sin licencia","En formación","Abierto","","8293896031",""
"Establecimientos de hospedaje","Hoteles","EH-HOTE-1101-02308","131770193","SERENADE PUNTA CANA BY BEST HOTELS","Cabeza de Toro","La Altagracia","En proceso","Activa","Abierto","","8090000000",""
"Establecimientos de hospedaje","Apartahotel","EH-APHO-0401-02309","131210007","Aparta Hotel Baramar","San Geronimo","Distrito Nacional","Sin licencia","En formación","Abierto","","8096970784",""
"Establecimientos de hospedaje","Hoteles","EH-HOTE-3201-02311","132009215","APARTAHOTEL ISABELITA","Ensanche Isabelita","Santo Domingo","Vencida","Inactiva","Abierto","2023-06-21","8492210000",""
"Establecimientos de hospedaje","Hoteles","EH-HOTE-1101-01180","101512865","GRAND PALLADIUM PUNTA CANA RESORT & SPA","Playa de Bávaro","La Altagracia","Vigente","Activa","Abierto","2026-09-03","8095628222",""
"Establecimientos de hospedaje","Hoteles","EH-HOTE-0101-02385","131492142","COLONIAL 154","San Isidro","Santo Domingo","Sin licencia","En formación","Cerrado","","8095197925",""
"Establecimientos de hospedaje","Hoteles","EH-HOTE-1101-02350","131370411","ROYALTON BAVARO","Playa Arena Gorda","La Altagracia","Vencida","Inactiva","Abierto","2026-02-13","8094174441",""
"Establecimientos de hospedaje","Hoteles","EH-HOTE-3102-02452","131558641","Dilias House Ranch","Ocoa - Centro Ciudad","San José de Ocoa","No aplica","No aplica","Cerrado","","8492207387",""
"Establecimientos de hospedaje","Apartahotel","EH-APHO-2003-02472","131375588","RESIDENCIA EL BALATA","Cosón","Samaná","Vigente","Activa","Abierto","2027-03-03","8293123335",""
"Establecimientos de hospedaje","Apartahotel","EH-APHO-1807-02492","105030446","APARTAHOTEL LA PUNTA","Callejón de los Perez","Puerto Plata","Sin licencia","En formación","Abierto","","8095719248",""
"Establecimientos de hospedaje","Apartahotel","EH-APHO-2003-02497","130199108","HOTEL RESIDENCE ALISEI","Las Terrenas","Samaná","Vencida","Inactiva","Abierto","2023-11-24","8292138402",""
"Establecimientos de hospedaje","Hoteles","EH-HOTE-3201-02506","101557265","HOTEL ACUARIUM SUITES RESORT (HOTEL)","Ensanche Isabelita","Santo Domingo","Sin licencia","En formación","Abierto","","8092318080",""
"Establecimientos de hospedaje","Hoteles","EH-HOTE-0601-02516","124001064","HOTEL LAS CAOBAS","Los Ciruelillos","Duarte","Vigente","Activa","Cerrado","2026-04-21","8092905858",""
"Establecimientos de hospedaje","Hoteles","EH-HOTE-2301-01234","101869951","Embassy Suites(Los Marlins).","Juan Dolio","San Pedro de Macorís","Vencida","Inactiva","Abierto","2009-08-28","8496850001",""
"Establecimientos de hospedaje","Hoteles","EH-HOTE-2001-01319","104014081","Villa Serena","Las Galeras","Samaná","Vigente","Activa","Abierto","2026-04-22","8095380000",""
"Establecimientos de hospedaje","Hoteles","EH-HOTE-2003-01107","110645279","ECOGREEN LAS PALMAS RESIDENCES","Las Terrenas","Samaná","Vigente","Activa","Abierto","2026-06-04","8099681909",""
"Establecimientos de hospedaje","Hoteles","EH-HOTE-1801-00793","105002108","Hotel Gran Ventana Beach Resort","Playa Dorada","Puerto Plata","Vigente","Activa","Abierto","2027-01-02","8092618609",""
"Establecimientos de hospedaje","Hoteles","EH-HOTE-1801-01268","130416117","Gran Paradise Playa Dorada","Playa Dorada","Puerto Plata","Vencida","Inactiva","Cerrado","2020-09-04","8095627475",""
"Establecimientos de hospedaje","Hoteles","EH-HOTE-1101-00092","101526734","Hotel Vista Sol Punta Cana","Playa los Franceses","La Altagracia","Vigente","Activa","Abierto","2026-09-03","8092212728",""
"Establecimientos de hospedaje","Hoteles","EH-HOTE-2002-01254","110124864","Residencial Paloma","Las Terrenas","Samaná","Vencida","Inactiva","Cerrado","2016-11-03","8092405139",""
"Establecimientos de hospedaje","Hoteles","EH-HOTE-1801-01154","101857791","PLAYA BACHATA","Bahia Maimón","Puerto Plata","Vigente","Activa","Abierto","2026-07-11","8095493446",""
"Establecimientos de hospedaje","Hoteles","EH-HOTE-1101-01292","101660929","Paradisus Punta Cana","Playa Bávaro","La Altagracia","No aplica","No aplica","Cerrado","2019-12-28","8095623344",""
"Establecimientos de hospedaje","Hoteles","EH-HOTE-2001-00908","130121702","BAHIA PRINCIPE GRAND SAMANA","Las Galeras","Samaná","Vigente","Activa","Abierto","2026-11-24","8095471654",""
"Establecimientos de hospedaje","Hoteles","EH-HOTE-3201-02542","131212842","HOTEL GAZCUE","Gazcue","Santo Domingo","Sin licencia","En formación","Abierto","","8096888993",""
"Establecimientos de hospedaje","Hoteles","EH-APHO-2003-02545","131852971","LOUISA APARTHOTEL","Las Terrenas","Distrito Nacional","No aplica","No aplica","Cerrado","","8097100710",""
"Establecimientos de hospedaje","Hoteles","EH-HOTE-2501-01272","102332568","hotel MonterRey","Santiago - Centro Ciudad","Santiago","Vencida","Inactiva","Abierto","1998-02-19","8095824558",""
"Establecimientos de hospedaje","Hoteles","EH-HOTE-0101-00692","101035872","Dominican Fiesta Hotel y Casino","Los Cacicazgo","Distrito Nacional","Vigente","Activa","Abierto","2026-06-06","8097961002",""
"Establecimientos de hospedaje","Hoteles","EH-HOTE-2001-01287","130788073","Hotel Casa Nina","Samaná - Centro Ciudad","Samaná","Vencida","Inactiva","Abierto","2005-02-20","8092213136",""
"Establecimientos de hospedaje","Hoteles","EH-HOTE-1101-00696","101809027","Grand Bavaro Princess","Playa Bávaro","La Altagracia","En proceso","Activa","Abierto","","8095663907",""
"Establecimientos de hospedaje","Hoteles","EH-HOTE-1101-00788","101563372","HOTEL IBEROSTAR GRAND BAVARO","Arena Gorda","La Altagracia","En proceso","Activa","Abierto","","8092216500",""
"Establecimientos de hospedaje","Hoteles","EH-HOTE-1101-01098","131521126","Hotel Sivory Punta Cana Beach, Wine & Spa","Playa Macao","La Altagracia","Vencida","Inactiva","Abierto","2018-01-04","8093330500",""
"Establecimientos de hospedaje","Hoteles","EH-HOTE-1101-00063","101830727","SUNSCAPE COCO PUNTA CANA","Punta Cana","La Altagracia","Vigente","Activa","Abierto","2026-07-23","8095634848",""
"Establecimientos de hospedaje","Hoteles","EH-HOTE-1101-00695","130007934","BAHIA PRINCIPE LUXURY AMBAR","Arena Gorda","La Altagracia","Vigente","Activa","Abierto","2026-03-21","8095471654",""
"Establecimientos de hospedaje","Hoteles","EH-HOTE-1807-00701","130531064","Hotel Villa Taina","Cabarete","Puerto Plata","Vigente","Activa","Abierto","2027-01-02","8095710722",""
"Establecimientos de hospedaje","Hoteles","EH-HOTE-0101-00693","101894059","Hostal Riazor","Gazcue","Distrito Nacional","Vencida","Inactiva","Abierto","2025-03-14","8096855566",""
"Establecimientos de hospedaje","Hoteles","EH-HOTE-2801-00698","130414122","Hotel Gold Premiun","Bonao - Centro","Monseñor Nouel","Vencida","Inactiva","Abierto","2022-02-09","8092963737",""
"Establecimientos de hospedaje","Hoteles","EH-HOTE-1101-00784","101563372","IBEROSTAR BAVARO HOTEL","Playa Arena Gorda","La Altagracia","En proceso","Activa","Abierto","","8492001203",""
"Establecimientos de hospedaje","Hoteles","EH-HOTE-3204-00925","101172381","Be Live Experience Hamaca","Boca Chica","Santo Domingo","No aplica","No aplica","Cerrado","","",""
"Establecimientos de hospedaje","Hoteles","EH-HOTE-1807-01240","105029316","Villa Chessa","Playa Chiquita","Puerto Plata","Vencida","Inactiva","Cerrado","2000-06-19","8495713412",""
"Establecimientos de hospedaje","Apartahotel","EH-APHO-0101-01018","101791373","Aparta Hotel Turey","Ensanche Naco","Distrito Nacional","No aplica","No aplica","Cerrado","2025-08-13","8096161451",""
"Establecimientos de hospedaje","Hoteles","EH-HOTE-1807-00699","105053667","Casa Marina Reef","El Batey","Puerto Plata","Vencida","Inactiva","Abierto","2022-02-11","8095627475",""
"Establecimientos de hospedaje","Hoteles","EH-HOTE-1101-01257","130268282","Whala Urban Punta Cana","Punta Cana","La Altagracia","En proceso","Activa","Abierto","","8297350353",""
"Establecimientos de hospedaje","Hoteles","EH-HOTE-1101-00697","101510722","GRAND SIRENIS PUNTA CANA RESORT","Playa Uvero Alto","La Altagracia","Vigente","Activa","Abierto","2026-12-12","8099552727",""
"Establecimientos de hospedaje","Hoteles","EH-HOTE-0101-00694","101132841","JARAGUA A RENAISSANCE RESORT Y CASINO","Malecon de Santo Domingo","Distrito Nacional","Vigente","Activa","Abierto","2027-02-12","8099552727",""
"Establecimientos de hospedaje","Hoteles","EH-HOTE-0101-00702","130482098","W&P SANTO DOMINGO","Bella Vista","Distrito Nacional","Vigente","Activa","Abierto","2026-12-19","8095350800",""
"Establecimientos de hospedaje","Hoteles","EH-HOTE-0101-00773","101530871","Hotel El Embajador Royal Hideway","Bella Vista","Distrito Nacional","Vigente","Activa","Abierto","2026-03-10","8296555085",""
"Establecimientos de hospedaje","Hoteles","EH-HOTE-0101-00774","131031846","hotel Radisson Blu","Playa Cabeza De Toro","La Altagracia","No aplica","No aplica","Cerrado","2023-06-03","8092231874",""
"Establecimientos de hospedaje","Hoteles","EH-HOTE-0101-00775","130747245","HOTEL DEL XVI","Zona Colonial","Distrito Nacional","Vigente","Activa","Abierto","2026-04-10","8093384200",""
"Establecimientos de hospedaje","Hoteles","EH-HOTE-0101-00772","130835713","JW Marriott","Ensanche Naco","Distrito Nacional","Vigente","Activa","Abierto","2027-01-12","8098071717",""
"Establecimientos de hospedaje","Hoteles","EH-HOTE-1101-00387","130093571","Majestic Mirage Punta Cana","Playa Arena Gorda","La Altagracia","Vigente","Activa","Abierto","2026-06-12","8097327240",""
"Establecimientos de hospedaje","Hoteles","EH-HOTE-1101-00818","119501638","Hotel Residencial El Eden II","Dominicus - Bayahibe","La Altagracia","Vencida","Inactiva","Cerrado","2022-03-17","",""
"Establecimientos de hospedaje","Hoteles","EH-HOTE-1101-01231","130037817","Now Garden","El Cortecito","La Altagracia","Vencida","Inactiva","Abierto","2019-02-07","8096836647",""
"Establecimientos de hospedaje","Hoteles","EH-HOTE-1101-00030","101712325","Royal Catalonia Bávaro","Cabeza de Toro","La Altagracia","Vigente","Activa","Abierto","2027-02-19","8498177427",""
"Establecimientos de hospedaje","Hoteles","EH-HOTE-1701-01285","115024057","Club Salinas","Las Salinas","Peravia","Vencida","Inactiva","Abierto","2000-12-07","8093108141",""
"Establecimientos de hospedaje","Hoteles","EH-HOTE-0101-00833","101160381","Aladino Aparta Hotel","Ensanche Naco","Distrito Nacional","En proceso","Activa","Abierto","","8095670144",""
"Establecimientos de hospedaje","Hoteles","EH-HOTE-1101-00885","130274517","Zoetry Agua Punta Cana","Uvero Alto","La Altagracia","Vigente","Activa","Abierto","2026-04-22","8095676665",""
"Establecimientos de hospedaje","Hoteles","EH-HOTE-1101-00835","131420682","Hyatt Ziva","Playa Juanillo","La Altagracia","Vigente","Activa","Abierto","2027-01-27","8097327240",""
"Establecimientos de hospedaje","Hoteles","EH-HOTE-1101-00834","130742601","NICKELODEON HOTELS AND RESORTS","Uvero Alto","La Altagracia","Vigente","Activa","Cerrado","2026-04-10","8096872929",""
"Establecimientos de hospedaje","Hoteles","EH-HOTE-1102-00832","101167203","Viva Dominicus Beach","Dominicus - Bayahibe","La Altagracia","En proceso","Activa","Abierto","","8095626001",""
"Establecimientos de hospedaje","Hoteles","EH-APHO-2501-00050","102629392","HODELPA GARDEN COURT","Santiago - Centro Ciudad","Santiago","Vigente","Activa","Abierto","2026-08-01","8096127000",""
"Establecimientos de hospedaje","Hoteles","EH-HOTE-2501-00027","102310858","Hodelpa Gran Almirante Hotel & Casino","Santiago - Centro Ciudad","Santiago","Vigente","Activa","Abierto","2026-08-01","8095459996",""
"Establecimientos de hospedaje","Hoteles","EH-HOTE-2003-01321","130003661","Eva Luna","Las Terrenas","Samaná","Vencida","Inactiva","Cerrado","2017-02-19","8092405139",""
"Establecimientos de hospedaje","Hoteles","EH-HOTE-1101-00161","101744512","DREAMS ONYX RESORT & SPA","Uvero Alto","La Altagracia","Vigente","Activa","Abierto","2026-03-06","8090000000",""
"Establecimientos de hospedaje","Hoteles","EH-HOTE-1101-00078","130007934","BAHIA PRINCIPE FANTASIA PUNTA CANA","Macao","La Altagracia","Vigente","Activa","Abierto","2026-03-25","8095471654",""
"Establecimientos de hospedaje","Hoteles","EH-HOTE-1101-00077","130742601","Hotel Azul Sensatori","Uvero Alto","La Altagracia","No aplica","No aplica","Cerrado","2022-05-07","8095471140",""
"Establecimientos de hospedaje","Hoteles","EH-HOTE-1101-00106","101129689","BAVARO PALACE","Punta Cana","La Altagracia","Vigente","Activa","Abierto","2026-03-14","8092243747",""
"Establecimientos de hospedaje","Hoteles","EH-HOTE-0101-01208","100619014","hotel LA ALCALDEZA garden house","Gazcue","Distrito Nacional","No aplica","No aplica","Cerrado","2009-03-11","8299947060",""
"Establecimientos de hospedaje","Hoteles","EH-HOTE-1301-01274","130192202","Hotel Jarabacoa River Club","Jarabacoa","La Vega","Vencida","Inactiva","Abierto","2011-01-07","8498179248",""
"Establecimientos de hospedaje","Hoteles","EH-HOTE-1801-00091","105088802","LIFESTYLE HOLIDAYS HOTELS AND RESORTS","Cofresi","Puerto Plata","Vigente","Activa","Abierto","2026-12-31","8094720035",""
"Establecimientos de hospedaje","Hoteles","EH-HOTE-0101-01277","100613629","Maison Gautreaux","Gazcue","Distrito Nacional","Vencida","Inactiva","Abierto","2008-03-21","8096874856",""
"Establecimientos de hospedaje","Hoteles","EH-HOTE-2001-01303","131223095","Aligio ApartaHotel & Spa","Las Terrenas","Samaná","No aplica","No aplica","Cerrado","2023-02-22","8092406977",""
"Establecimientos de hospedaje","Hoteles","EH-HOTE-1101-00326","130033153","PUNTA CANA PRINCESS","Playa Bávaro","La Altagracia","En proceso","Activa","Abierto","","8095663907",""
"Establecimientos de hospedaje","Hoteles","EH-HOTE-1101-00343","101884444","CARIBE DELUXE Y TROPICAL DELUXE PRINCESS","El Cortecito","La Altagracia","Vigente","Activa","Abierto","2026-04-15","8095663907",""
"Establecimientos de hospedaje","Hoteles","EH-HOTE-1101-01112","130259585","HOTEL BAYAHIBE MAJAGUAL","Dominicus - Bayahibe","La Altagracia","Vencida","Inactiva","Cerrado","2019-03-05","8098330159",""
"Establecimientos de hospedaje","Hoteles","EH-HOTE-3201-01306","131625665","Club Rolln´Stone","Boca Chica","Santo Domingo","Vencida","Inactiva","Cerrado","2019-03-05","8095236482",""
"Establecimientos de hospedaje","Hoteles","EH-HOTE-0101-01250","130053448","Mystik 13","Gazcue","Distrito Nacional","Vencida","Inactiva","Cerrado","2019-03-13","8096863627",""
"Establecimientos de hospedaje","Hoteles","EH-HOTE-2001-00903","124032407","BAHIA PRINCIPE GRAND CAYACOA","Santa Barbara","Samaná","No aplica","No aplica","Cerrado","","8095471654",""
"Establecimientos de hospedaje","Hoteles","EH-HOTE-2501-01299","130910634","Complejo Turisistico Jose Rod","Santiago - Centro Ciudad","Santiago","Vencida","Inactiva","Cerrado","2014-05-10","8094263712",""
"Establecimientos de hospedaje","Apartahotel","EH-APHO-1101-01019","131292038","APARTA-HOTEL LIRIOCALA","Friusa","La Altagracia","Vigente","Activa","Abierto","2026-03-07","8094660009",""
"Establecimientos de hospedaje","Hoteles","EH-HOTE-0101-01288","101815264","hotel Royal Palace","La Julia","Distrito Nacional","Vencida","Inactiva","Abierto","2024-11-21","8095326292",""
"Establecimientos de hospedaje","Hoteles","EH-HOTE-3204-01219","101728299","Casa Coco Boca Chica","boca chica","Santo Domingo","Vencida","Inactiva","Abierto","2025-07-23","8095990662",""
"Establecimientos de hospedaje","Hoteles","EH-HOTE-1101-00096","101719257","Iberostar Hacienda Dominicus","Dominicus - Bayahibe","La Altagracia","En proceso","Activa","Abierto","","8095623344",""
"Establecimientos de hospedaje","Hoteles","EH-HOTE-3204-01158","1017477791","Calipso Beach Hotel S.A","Boca Chica","Santo Domingo","Vencida","Inactiva","Abierto","2013-02-09","8095234666",""
"Establecimientos de hospedaje","Hoteles","EH-HOTE-1201-00088","130329532","Hilton La Romana All Inclusive Resort","Playa Dominicus - Bayahibe","La Romana","Incompleta","Inactiva","Abierto","","8097327240",""
"Establecimientos de hospedaje","Hoteles","EH-HOTE-1701-01280","115024121","Caribani","Baní - Centro Ciudad","Peravia","Vencida","Inactiva","Abierto","2010-04-17","8096223871",""
"Establecimientos de hospedaje","Hoteles","EH-HOTE-1101-00359","130043213","Hotel Vecchia Caserma","Higüey","La Altagracia","Vencida","Inactiva","Abierto","2024-07-03","8498524457",""
"Establecimientos de hospedaje","Hoteles","EH-HOTE-1101-00090","101563372","IBEROSTAR WAVES DOMINICANA","Punta Cana","La Altagracia","Vigente","Activa","Abierto","2027-02-02","8092216500",""
"Establecimientos de hospedaje","Hoteles","EH-HOTE-1101-01099","101512865","GRAND PALLADIUM SELECT BÁVARO","Playas Bávaro","La Altagracia","Vigente","Activa","Abierto","2027-02-28","8095628222",""
"Establecimientos de hospedaje","Hoteles","EH-HOTE-1101-00230","101512865","TRS Cap Cana hotel","Cap Cana","La Altagracia","Vigente","Activa","Abierto","2026-03-27","8095628222",""
"Establecimientos de hospedaje","Hoteles","EH-HOTE-1101-00263","101512865","GRAND PALLADIUM PALACE RESORT SPA & CASINO","Playas Bávaro","La Altagracia","Vigente","Activa","Abierto","2026-09-01","8092218149",""
"Establecimientos de hospedaje","Hoteles","EH-HOTE-1101-00177","131217559","Hotel Sanctuary Cap Cana Golf  & Spa","punta cana","La Altagracia","Vigente","Activa","Abierto","2026-10-30","8095629191",""
"Establecimientos de hospedaje","Hoteles","EH-HOTE-0101-00032","101600667","HOMEWOOD SUITES BY HILTON","Evaristo Morales","Distrito Nacional","Incompleta","Inactiva","Abierto","","8096854453",""
"Establecimientos de hospedaje","Hoteles","EH-HOTE-2001-01322","1340013200","Las Palmas de Gasparín.APH","Las Terrenas","Samaná","Vencida","Inactiva","Abierto","2006-07-22","8092406292",""
"Establecimientos de hospedaje","Hoteles","EH-HOTE-2001-01265","13400010289","Villa Mariposa","Las Terrenas","Samaná","Vencida","Inactiva","Cerrado","2006-07-19","8092405139",""
"Establecimientos de hospedaje","Hoteles","EH-HOTE-0101-00930","101108525","Hotel Crowne Plaza","Gazcue","Distrito Nacional","En proceso","Activa","Abierto","","8092211255",""
"Establecimientos de hospedaje","Hoteles","EH-HOTE-1807-00128","131331688","VIVA TANGERINE","Cabarete","Puerto Plata","En proceso","Activa","Abierto","","8095626001",""
"Establecimientos de hospedaje","Hoteles","EH-HOTE-1101-00219","130460957","Ocean el Faro","Bávaro","La Altagracia","Vigente","Activa","Abierto","2026-10-28","8095676665",""
"Establecimientos de hospedaje","Hoteles","EH-HOTE-1101-00122","130527042","THE WESTIN PUNTA CANA RESORT & CLUB","Punta Cana","La Altagracia","Vigente","Activa","Abierto","2026-07-03","8095412714",""
"Establecimientos de hospedaje","Hoteles","EH-HOTE-2001-01320","102333343","Hotel Coyamar","Las Terrenas","Samaná","Vencida","Inactiva","Abierto","2007-10-01","8092405130",""
"Establecimientos de hospedaje","Hoteles","EH-HOTE-1101-00265","101770912","ROYALTON PUNTA CANA RESORT & CASINO","Playa Arena Gorda","La Altagracia","Vigente","Activa","Abierto","2026-05-01","8097957244",""
"Establecimientos de hospedaje","Hoteles","EH-HOTE-1101-00031","130037795","OCEAN BLUE BY H10 HOTELS","Bávaro","La Altagracia","Vigente","Activa","Abierto","2027-02-05","8092587098",""
"Establecimientos de hospedaje","Hoteles","EH-HOTE-1101-00043","130203059","Dreams Macao Beach Punta Cana","Playa Macao","La Altagracia","Vigente","Activa","Abierto","2026-03-25","8095494646",""
"Establecimientos de hospedaje","Hoteles","EH-HOTE-0101-01260","101771242","HOTEL NICOLAS DE OVANDO","Zona Colonial","Distrito Nacional","Vencida","Inactiva","Abierto","2025-11-27","8095459996",""
"Establecimientos de hospedaje","Hoteles","EH-HOTE-2001-01314","130968667","Costa arena Beach Hotel YB","Las Terrenas","Samaná","Vencida","Inactiva","Abierto","2025-03-14","8092405995",""
"Establecimientos de hospedaje","Hoteles","EH-HOTE-1801-00136","124001935","HOTEL MARIEN PUERTO PLATA","Costa Dorada","Puerto Plata","Vigente","Activa","Abierto","","8093201515",""
"Establecimientos de hospedaje","Hoteles","EH-HOTE-1101-00145","101760753","Vik Hotel Arena Blanca","Bávaro","La Altagracia","Vigente","Activa","Abierto","2026-06-18","8092216640",""
"Establecimientos de hospedaje","Hoteles","EH-HOTE-1801-00045","130781265","Blue JackTar Hotel","Playa Dorada","Puerto Plata","Vigente","Activa","Abierto","2026-12-16","8093203800",""
"Establecimientos de hospedaje","Hoteles","EH-HOTE-0101-00228","101869232","HODELPA CARIBE COLONIAL","Zona Colonial","Distrito Nacional","Vigente","Activa","Abierto","2027-01-27","8096887799",""
"Establecimientos de hospedaje","Hoteles","EH-HOTE-0101-00073","101897511","GRAN HOTEL EUROPA","Zona Colonial","Distrito Nacional","Vencida","Inactiva","Abierto","2022-06-22","8096977612",""
"Establecimientos de hospedaje","Hoteles","EH-HOTE-1102-00110","101865547","SUNSCAPE DOMINICUS LA ROMANA","Playa Dominicus - Bayahibe","La Altagracia","Incompleta","Inactiva","Abierto","","8095634848",""
"Establecimientos de hospedaje","Hoteles","EH-HOTE-1101-00074","130044147","Hard Rock Hotels & Casino Punta Cana","Macao","La Altagracia","Vigente","Activa","Abierto","2026-05-27","8096870000",""
"Establecimientos de hospedaje","Hoteles","EH-HOTE-1303-01263","101618639","Rancho Baiguate","La Joya","La Vega","Vencida","Inactiva","Cerrado","2020-03-25","8095744940",""
"Establecimientos de hospedaje","Hoteles","EH-HOTE-1101-00124","101563372","IBEROSTAR WAVES PUNTA CANA","Punta Cana","La Altagracia","Vigente","Activa","Abierto","2026-09-15","8095623344",""
"Establecimientos de hospedaje","Hoteles","EH-HOTE-2001-00086","101074183","BAHIA PRINCIPE GRAND EL PORTILLO","Las Terrenas","Samaná","Vigente","Activa","Abierto","2026-04-29","8095471654",""
"Establecimientos de hospedaje","Hoteles","EH-HOTE-1101-00798","130327734","Hotel Impressive Resort & Spas","Punta Cana","La Altagracia","Vigente","Activa","Abierto","2026-04-16","8098499796",""
"Establecimientos de hospedaje","Hoteles","EH-HOTE-0101-00375","101037849","Sheraton Santo Domingo","Malecon de Santo Domingo","Distrito Nacional","Vencida","Inactiva","Abierto","2025-08-09","8092216666",""
"Establecimientos de hospedaje","Hoteles","EH-HOTE-1404-01327","130482144","Playa Grande beach club","Playa Grande","María Trinidad Sánchez","Vencida","Inactiva","Abierto","2025-12-22","8093384200",""
"Establecimientos de hospedaje","Hoteles","EH-HOTE-1806-00790","101764902","Hotel Iberostar Costa Dorada","Playa Dorada","Puerto Plata","En proceso","Activa","Abierto","","8095623344",""
"Establecimientos de hospedaje","Hoteles","EH-HOTE-0101-01290","101627956","La Casona Dorada","Buenos Aires de Independencia","Distrito Nacional","Vencida","Inactiva","Cerrado","2008-06-19","8093951297",""
"Establecimientos de hospedaje","Hoteles","EH-HOTE-1101-00141","131817491","Live Aqua Punta Cana","Bàvaro","La Altagracia","Vigente","Activa","Abierto","2026-07-31","8299175833",""
"Establecimientos de hospedaje","Hoteles","EH-HOTE-1101-00338","101504889","MELIA CARIBE PUNTA CANA INCLUSIVE DE HOTEL MELIA CARIBE BEACH Y HOTEL MELIA PUNTA CANA BEACH","El Cortecito","La Altagracia","En proceso","Activa","Abierto","","8095623355",""
"Establecimientos de hospedaje","Hoteles","EH-HOTE-1101-00095","131420682","Hyatt Zilara","Playa Juanillo","La Altagracia","Vigente","Activa","Abierto","2027-02-05","8097327240",""
"Establecimientos de hospedaje","Hoteles","EH-HOTE-3201-01311","101684102","HOTEL GARANT & SUITES","Boca Chica","Santo Domingo","Vencida","Inactiva","Abierto","2009-06-12","8095235544",""
"Establecimientos de hospedaje","Hoteles","EH-HOTE-0101-00053","101010967","BARCELÓ SANTO DOMINGO","Ensanche Miraflores","Distrito Nacional","En proceso","Activa","Abierto","","8096865797",""
"Establecimientos de hospedaje","Hoteles","EH-HOTE-2003-01124","130674312","Hotel Playa Caribe 27","Las Terrenas","Samaná","Vencida","Inactiva","Abierto","2016-05-14","8092406661",""
"Establecimientos de hospedaje","Hoteles","EH-HOTE-0101-01136","131516483","Hotel Discovery","Zona Colonial","Distrito Nacional","Vencida","Inactiva","Abierto","2023-03-08","8096874048",""
"Establecimientos de hospedaje","Hoteles","EH-HOTE-3201-01304","101747791","Calypso Beach","Boca Chica","Santo Domingo","Vencida","Inactiva","Abierto","2007-09-20","8292049545",""
"Establecimientos de hospedaje","Hoteles","EH-HOTE-1404-01220","105033412","BAHIA PRINCIPE GRAND RIO SAN JUAN","Rio San Juan","María Trinidad Sánchez","No aplica","No aplica","Cerrado","2020-04-10","8095471654",""
"Establecimientos de hospedaje","Hoteles","EH-HOTE-0101-00360","130495718","Microhotel Condo Suites","Arroyo Hondo II","Distrito Nacional","Vencida","Inactiva","Abierto","2021-09-09","8093681100",""
"Establecimientos de hospedaje","Hoteles","EH-HOTE-1101-01330","131521126","Sivory Punta Cana Boutique","Uvero Alto","La Altagracia","Vencida","Inactiva","Abierto","2011-11-16","8093330500",""
"Establecimientos de hospedaje","Hoteles","EH-HOTE-1101-00305","119017795","HOTEL RIU PALACE MACAO","Playa Arena Gorda","La Altagracia","Vigente","Activa","Cerrado","2026-05-26","8095555555",""
"Establecimientos de hospedaje","Hoteles","EH-HOTE-1101-00349","101712325","CATALONIA BAVARO BEACH GOLF Y CASINO RESORT","Punta Cana","La Altagracia","Vigente","Activa","Abierto","2026-04-02","8097571875",""
"Establecimientos de hospedaje","Apartahotel","EH-APHO-0101-01020","101125209","Aparta Hotel Drake","Piantini","Distrito Nacional","Vencida","Inactiva","Abierto","2012-09-21","8095712143",""
"Establecimientos de hospedaje","Hoteles","EH-HOTE-0101-00380","130851255","HOTEL REAL INTERCONTINENTAL","Piantini","Distrito Nacional","En proceso","Activa","Abierto","","8297085099",""
"Establecimientos de hospedaje","Hoteles","EH-HOTE-2003-00137","130724334","Hotel Playa Colibri","Las Ballenas","Samaná","Vencida","Inactiva","Abierto","2025-12-26","8092406434",""
"Establecimientos de hospedaje","Hoteles","EH-HOTE-1801-01331","101133449","Blue Bay (Villas Doradas Beach)","Playa Dorada","Puerto Plata","Vencida","Inactiva","Abierto","2009-07-07","8493203000",""
"Establecimientos de hospedaje","Hoteles","EH-HOTE-0101-01216","101609605","Hotel Palacio Boutique","Zona Colonial","Distrito Nacional","Vencida","Inactiva","Abierto","2024-11-21","8096824730",""
"Establecimientos de hospedaje","Hoteles","EH-HOTE-2003-02387","110124831","CASA ROBINSON","Las Terrenas","Samaná","Vigente","Activa","Abierto","2026-06-23","8293012281",""
"Establecimientos de hospedaje","Hoteles","EH-HOTE-1102-00348","101712325","HOTEL CATALONIA ROYAL LA ROMANA","Playa Dominicus","La Altagracia","Vigente","Activa","Abierto","2026-07-01","8099473400",""
"Establecimientos de hospedaje","Hoteles","EH-HOTE-1201-01270","130906963","HOTEL SILVESTRE HS","La Romana - Centro Ciudad","La Romana","Vigente","Activa","Abierto","2026-11-20","8095502500",""
"Establecimientos de hospedaje","Hoteles","EH-HOTE-1807-00328","131499864","AHNVEE RESORT","El Batey","Puerto Plata","Vencida","Inactiva","Cerrado","2021-10-14","8098654353",""
"Establecimientos de hospedaje","Hoteles","EH-HOTE-0101-00347","101712325","Catalonia Santo Domingo","Malecon de Santo Domingo","Distrito Nacional","Vigente","Activa","Abierto","2027-02-12","8097571875",""
"Establecimientos de hospedaje","Hoteles","EH-HOTE-1101-01317","119017485","Cortecito Inn","El Cortecito","La Altagracia","Sin licencia","En formación","Abierto","","8095520639",""
"Establecimientos de hospedaje","Hoteles","EH-HOTE-1101-00907","130007934","BAHIA PRINCIPE GRAND AQUAMARINE","Bávaro","La Altagracia","Vigente","Activa","Abierto","2026-05-07","8095471654",""
"Establecimientos de hospedaje","Hoteles","EH-HOTE-1404-00381","130797269","AMANERA","Playa Grande","María Trinidad Sánchez","Incompleta","Inactiva","Abierto","","8297085099",""
"Establecimientos de hospedaje","Hoteles","EH-HOTE-1807-01313","130443459","The Ocean Club Residence & Spa","El Batey","Puerto Plata","Vencida","Inactiva","Cerrado","2025-07-18","8095713000",""
"Establecimientos de hospedaje","Hoteles","EH-HOTE-3201-00330","130589471","Hotel City Inn ( Aurora)","Lucerna","Santo Domingo","Vencida","Inactiva","Cerrado","2021-12-11","8493601605",""
"Establecimientos de hospedaje","Hoteles","EH-HOTE-1801-01282","105002108","Hotel Victoria Resort","Playa Dorada","Puerto Plata","Vencida","Inactiva","Abierto","2009-07-16","8497072200",""
"Establecimientos de hospedaje","Hoteles","EH-HOTE-0101-00361","130606641","HOTEL RIPARBELLA","Gazcue","Distrito Nacional","Vigente","Activa","Abierto","2026-06-25","8096878441",""
"Establecimientos de hospedaje","Hoteles","EH-HOTE-2501-01236","102615799","Colonial Deluxe","Santiago - Centro Ciudad","Santiago","Vencida","Inactiva","Abierto","2008-07-16","8092473122",""
"Establecimientos de hospedaje","Hoteles","EH-HOTE-1801-01316","101157097","Puerto Plata Village","Playa Dorada","Puerto Plata","Vencida","Inactiva","Cerrado","2009-08-04","8093204012",""
"Establecimientos de hospedaje","Hoteles","EH-HOTE-0101-00358","101031492","EL NAPOLITANO HOTEL RESTAURANTE","Ciudad Nueva","Distrito Nacional","Vigente","Activa","Abierto","2026-07-23","8096871131",""
"Establecimientos de hospedaje","Hoteles","EH-HOTE-2501-00028","102322406","HODELPA CENTRO PLAZA","Santiago - Centro Ciudad","Santiago","Vigente","Activa","Abierto","2026-08-01","8096831000",""
"Establecimientos de hospedaje","Hoteles","EH-HOTE-2501-01238","130777055","Los Jardines","Santiago - Centro Ciudad","Santiago","Sin licencia","En formación","Abierto","","8092768222",""
"Establecimientos de hospedaje","Hoteles","EH-HOTE-2501-00312","130098034","HOTEL PLATINO","Santiago - Centro Ciudad","Santiago","Vigente","Activa","Abierto","2026-12-01","8097247576",""
"Establecimientos de hospedaje","Hoteles","EH-HOTE-1101-00919","130307938","HOTEL OCCIDENTAL CARIBE","BÁVARO","La Altagracia","Vigente","Activa","Abierto","2027-02-04","8092243747",""
"Establecimientos de hospedaje","Hoteles","EH-HOTE-1101-00340","101510145","HOTEL RIU NAIBOA","Arena Gorda","La Altagracia","No aplica","No aplica","Cerrado","2024-06-12","8099689915",""
"Establecimientos de hospedaje","Hoteles","EH-HOTE-1101-00339","101510145","RIU BAMBU","Macao","La Altagracia","Vigente","Activa","Abierto","2026-07-29","8092217575",""
"Establecimientos de hospedaje","Hoteles","EH-HOTE-1101-00327","101510145","RIU PALACE PUNTA CANA","Bávaro","La Altagracia","Vigente","Activa","Abierto","2026-07-29","8099689915",""
"Establecimientos de hospedaje","Hoteles","EH-HOTE-3201-00329","131197957","Hampton By Hilton - Sto Dgo","La Caleta","Santo Domingo","Vigente","Activa","Abierto","2027-03-03","8093017093",""
"Establecimientos de hospedaje","Hoteles","EH-HOTE-2501-01323","3105067791","HOSTAL Y RESTAURANTE CASA JUM","Santiago - Centro Ciudad","Santiago","Vencida","Inactiva","Abierto","2017-08-03","8097362743",""
"Establecimientos de hospedaje","Hoteles","EH-HOTE-1101-00374","130661367","EDEN ROC","Cap Cana","La Altagracia","Vigente","Activa","Abierto","2027-02-03","8092550980",""
"Establecimientos de hospedaje","Hoteles","EH-HOTE-2001-01153","101774282","WYNDHAM ALLTRA","Samaná","Samaná","Incompleta","Inactiva","Abierto","","8095380020",""
"Establecimientos de hospedaje","Hoteles","EH-HOTE-1303-01275","131038026","Casa de Huesped California","Jarabacoa","La Vega","Vencida","Inactiva","Abierto","2009-08-18","8095746255",""
"Establecimientos de hospedaje","Hoteles","EH-HOTE-3204-01146","123001012","Bellevue Dominican Bay (Hotetur Dominican Bay)","Boca Chica","Santo Domingo","Vencida","Inactiva","Cerrado","2009-08-18","8094122001",""
"Establecimientos de hospedaje","Hoteles","EH-HOTE-2501-01276","131504965","Hostal La Boite","Santiago - Centro Ciudad","Santiago","Vencida","Inactiva","Cerrado","2018-07-26","8097240777",""
"Establecimientos de hospedaje","Hoteles","EH-HOTE-1101-00920","130037817","DREAMS ROYAL BEACH PUNTA CANA","El Cortecito","La Altagracia","Vigente","Activa","Abierto","2026-04-24","8293998535",""
"Establecimientos de hospedaje","Hoteles","EH-HOTE-1801-01258","101857791","SENATOR PUERTO PLATA HOTEL & SPA","Bahia Maimón","Puerto Plata","Vigente","Activa","Abierto","2026-07-11","8494033072",""
"Establecimientos de hospedaje","Hoteles","EH-HOTE-1101-00923","130037817","Secrets Royal Beach Punta Cana","El Cortecito","La Altagracia","Vigente","Activa","Abierto","2026-04-22","8096836647",""
"Establecimientos de hospedaje","Hoteles","EH-HOTE-1101-00922","130037817","The Punta Cana (Antiguo Now Larimar  Punta Cana)","El Cortecito","La Altagracia","No aplica","No aplica","Cerrado","2020-06-25","8096836647",""
"Establecimientos de hospedaje","Hoteles","EH-HOTE-2306-01261","131288529","EMOTIONS BY HODELPA- JUAN DOLIO","Juan Dolio","San Pedro de Macorís","En proceso","Activa","Abierto","","8096831000",""
"Establecimientos de hospedaje","Hoteles","EH-HOTE-1201-01163","130211035","BAHIA PRINCIPE LUXURY BOUGANVILLE","San Pedro de Macoris","San Pedro de Macorís","Vigente","Activa","Abierto","2026-10-28","8095471654",""
"Establecimientos de hospedaje","Hoteles","EH-HOTE-1101-01312","02800202141","Hotel Naragua","Cabeza de Toro","La Altagracia","Vencida","Inactiva","Abierto","2007-11-27","8096884060",""
"Establecimientos de hospedaje","Hoteles","EH-HOTE-1101-00085","101706211","EXCELLENCE PUNTA CANA DOMINICAN REPUBLIC","Uvero Alto","La Altagracia","Vigente","Activa","Abierto","2026-03-13","8296593288",""
"Establecimientos de hospedaje","Hoteles","EH-HOTE-3204-01235","101676833","Hostal Zapata","Boca Chica","Santo Domingo","Vencida","Inactiva","Abierto","2025-02-02","8095234777",""
"Establecimientos de hospedaje","Hoteles","EH-HOTE-1101-01160","130299056","HOTEL FOUR POINTS AT PUNTA CANA VILLAGE","Punta Cana","La Altagracia","Vigente","Activa","Abierto","2026-03-27","8099592714",""
"Establecimientos de hospedaje","Hoteles","EH-HOTE-1101-00904","130007934","BAHIA PRINCIPE GRAND BAVARO","Bávaro","La Altagracia","No aplica","No aplica","Cerrado","2025-07-30","8095471654",""
"Establecimientos de hospedaje","Hoteles","EH-HOTE-1303-01302","130401896","Hotel Brisas Del Yaque II","Jarabacoa","La Vega","Vencida","Inactiva","Abierto","2009-08-28","8095742100",""
"Establecimientos de hospedaje","Hoteles","EH-HOTE-3201-01271","130013888","Villa Marianna(Nimat)","Boca Chica","Santo Domingo","Vencida","Inactiva","Cerrado","2007-10-10","8495234679",""
"Establecimientos de hospedaje","Hoteles","EH-HOTE-1101-00082","130427429","Jewel Palm Beach All-Inclusive Beach Resort","Bàvaro","La Altagracia","No aplica","No aplica","Cerrado","2025-08-28","8097327240",""
"Establecimientos de hospedaje","Hoteles","EH-HOTE-0101-01284","112033873","El Señorial","Gazcue","Distrito Nacional","Vencida","Inactiva","Abierto","2009-09-17","8299947060",""
"Establecimientos de hospedaje","Hoteles","EH-HOTE-2001-01242","101649429","Plaza Lusitania","Las Galeras","Samaná","Vencida","Inactiva","Abierto","2009-09-17","8095434277",""
"Establecimientos de hospedaje","Hoteles","EH-HOTE-2303-00087","130211035","BAHIA PRINCIPE GRAND LA ROMANA","Ramon Santana","San Pedro de Macorís","Vencida","Inactiva","Abierto","2026-02-13","8095471654",""
"Establecimientos de hospedaje","Hoteles","EH-HOTE-1101-01165","130009211","Tortuga Bay","Punta Cana","La Altagracia","Vigente","Activa","Abierto","2026-07-09","8095412714",""
"Establecimientos de hospedaje","Hoteles","EH-HOTE-0101-01229","130254133","El Beaterio","Zona Colonial","Distrito Nacional","En proceso","Activa","Abierto","","8096878657",""
"Establecimientos de hospedaje","Hoteles","EH-HOTE-1101-01325","131031846","BlueBay Grand Punta Cana","Playa Cabeza De Toro","La Altagracia","Vencida","Inactiva","Cerrado","2020-07-12","8094682583",""
"Establecimientos de hospedaje","Hoteles","EH-HOTE-2003-01111","110122332","Hotel Palococo","Las Terrenas","Samaná","Vencida","Inactiva","Abierto","2013-10-15","8092406068",""
"Establecimientos de hospedaje","Hoteles","EH-HOTE-2003-00127","130044406","The Peninsula House","Las Terrenas","Samaná","No aplica","No aplica","Cerrado","2022-09-06","8099627447",""
"Establecimientos de hospedaje","Apartahotel","EH-APHO-2003-02320","130154546","Hotel Puerto Plaza","Pueblo de los Pescadores","Samaná","Vencida","Inactiva","Abierto","2023-11-25","8492405544",""
"Establecimientos de hospedaje","Hoteles","EH-HOTE-0101-01307","105060795","Doña Elvira","Zona Colonial","Distrito Nacional","Vencida","Inactiva","Cerrado","2008-12-11","8096878809",""
"Establecimientos de hospedaje","Hoteles","EH-HOTE-1801-00049","130786089","Hotel Emotions by Hodelpa","Puerto Plata - Centro Ciudad","Puerto Plata","Vigente","Activa","Abierto","2027-02-02","8096831000",""
"Establecimientos de hospedaje","Hoteles","EH-HOTE-0101-01279","101893265","Green House","Gazcue","Distrito Nacional","Vencida","Inactiva","Abierto","2008-11-12","8096821111",""
"Establecimientos de hospedaje","Hoteles","EH-HOTE-1404-00841","105004399","Hotel Bahia Blanca","Nagua - Centro","María Trinidad Sánchez","Vencida","Inactiva","Abierto","2022-10-01","8095892563",""
"Establecimientos de hospedaje","Hoteles","EH-HOTE-0101-01278","101789689","Hostal Primaveral","Gazcue","Distrito Nacional","Vencida","Inactiva","Abierto","2009-10-03","8096865562",""
"Establecimientos de hospedaje","Hoteles","EH-HOTE-2003-01248","131031501","Mahona Las Terrenas","Las Terrenas","Samaná","Vencida","Inactiva","Abierto","2019-09-11","8092406290",""
"Establecimientos de hospedaje","Hoteles","EH-HOTE-1303-01255","130722676","Rancho La Aurora","Mata de Platano","La Vega","Vencida","Inactiva","Abierto","2019-09-17","8095495707",""
"Establecimientos de hospedaje","Hoteles","EH-HOTE-2001-01251","130053448","Casa de Huesped Holandeses","Las Terrenas","Samaná","Vencida","Inactiva","Cerrado","2008-12-31","8098661028",""
"Establecimientos de hospedaje","Hoteles","EH-HOTE-1101-00906","130007934","BAHIA PRINCIPE LUXURY ESMERALDA","Macao","La Altagracia","Vigente","Activa","Abierto","2027-02-18","8095471654",""
"Establecimientos de hospedaje","Hoteles","EH-HOTE-1101-00905","130007934","Bahia Principe Grand Turquesa","Playa Macao","La Altagracia","Vigente","Activa","Abierto","2027-02-16","8095471654",""
"Establecimientos de hospedaje","Hoteles","EH-HOTE-2003-01214","130122881","Casa de Neptunia","Las Terrenas","Samaná","Vencida","Inactiva","Cerrado","2016-04-10","8092406884",""
"Establecimientos de hospedaje","Hoteles","EH-HOTE-1807-01247","105039745","Albergo New Garden Club","El Batey","Puerto Plata","Vencida","Inactiva","Abierto","2025-12-03","8095711517",""
"Establecimientos de hospedaje","Hoteles","EH-HOTE-2003-01264","101791039","Residencia Iguana","Las Terrenas","Samaná","Vencida","Inactiva","Cerrado","2016-10-12","8092406187",""
"Establecimientos de hospedaje","Hoteles","EH-HOTE-2001-00901","124032407","Cayo Levantado Resort","Cayo Levantado","Samaná","En proceso","Activa","Abierto","","8095471654",""
"Establecimientos de hospedaje","Hoteles","EH-HOTE-2003-01243","110125259","HOTEL COCO PLAZA","Playa las Ballenas","Samaná","Vencida","Inactiva","Abierto","2017-09-26","",""
"Establecimientos de hospedaje","Hoteles","EH-HOTE-0101-00251","130637717","Hotel Real Bella Vista","Bella Vista","Distrito Nacional","Vencida","Inactiva","Cerrado","2000-11-26","8095320412",""
"Establecimientos de hospedaje","Hoteles","EH-HOTE-0101-00084","132407083","EMBASSY SUITES BY HILTON","Naco","Distrito Nacional","Incompleta","Inactiva","Abierto","","8099080050",""
"Establecimientos de hospedaje","Hoteles","EH-HOTE-1101-00105","101129689","HOTEL BARCELO BAVARO BEACH","Bávaro","La Altagracia","Vigente","Activa","Abierto","2026-04-15","8092243747",""
"Establecimientos de hospedaje","Hoteles","EH-HOTE-1801-01305","130538379","CASA VALERIA","El Batey","Puerto Plata","Vencida","Inactiva","Abierto","2025-10-09","8095713565",""
"Establecimientos de hospedaje","Hoteles","EH-HOTE-2003-00103","101771887","Hotel Atlantis","Playa Bonita","Samaná","Vigente","Activa","Abierto","2026-11-26","8092406111",""
"Establecimientos de hospedaje","Hoteles","EH-HOTE-1101-02093","101744512","Hotel Breathless Punta Cana Resorts & Spa","Uvero Alto","La Altagracia","Vencida","Inactiva","Abierto","2026-03-04","8096836647",""
"Establecimientos de hospedaje","Hoteles","EH-HOTE-1101-00083","101865377","HOTEL DREAMS PUNTA CANA","Playa Uvero Alto","La Altagracia","Vencida","Inactiva","Abierto","2024-09-11","8092218880",""
"Establecimientos de hospedaje","Hoteles","EH-HOTE-1102-01293","101167203","VIVA DOMINICUS PALACE","Flor de Bayahíbe","La Altagracia","Vigente","Activa","Abierto","2026-06-16","8095626001",""
"Establecimientos de hospedaje","Hoteles","EH-HOTE-1807-01309","105087391","HOTEL CENTRAL DE SOSUA BY CIRILO ANTONIO UREÑA","El Batey","Puerto Plata","Vigente","Activa","Abierto","2026-11-17","8095714968",""
"Establecimientos de hospedaje","Hoteles","EH-HOTE-0101-01328","101199121","RADISSON","Ensanche Naco","Distrito Nacional","Vigente","Activa","Abierto","2026-08-18","8095416226",""
"Establecimientos de hospedaje","Hoteles","EH-APHO-0101-01310","130319952","Parco del Caribe","Boca Chica","Santo Domingo","Vencida","Inactiva","Abierto","2013-03-14","8095235298",""
"Establecimientos de hospedaje","Hoteles","EH-HOTE-0101-01300","130703086","Naemi","Zona Colonial","Distrito Nacional","Vencida","Inactiva","Cerrado","2018-12-26","8096892215",""
"Establecimientos de hospedaje","Hoteles","EH-HOTE-1807-01142","131359752","Hotel Restaurant Voramar","El Batey","Puerto Plata","Vencida","Inactiva","Abierto","2018-12-29","8095713910",""
"Establecimientos de hospedaje","Hoteles","EH-HOTE-1201-01246","130645523","Nefertiti Hotel Restaurant","Las Piedras","La Romana","Vencida","Inactiva","Cerrado","2017-10-14","8093499472",""
"Establecimientos de hospedaje","Hoteles","EH-HOTE-0101-01244","131734391","Hostal La Colonial","Zona Colonial","Distrito Nacional","En proceso","Activa","Abierto","","8092210084",""
"Establecimientos de hospedaje","Hoteles","EH-HOTE-0101-00064","130200971","Billini Hotel Historic Luxury","Zona Colonial","Distrito Nacional","Vencida","Inactiva","Abierto","2025-07-31","8093384040",""
"Establecimientos de hospedaje","Hoteles","EH-HOTE-1807-01137","130051577","Exxtraordinary Resort","El Batey","Puerto Plata","No aplica","No aplica","Cerrado","2019-12-21","8095711306",""
"Establecimientos de hospedaje","Hoteles","EH-HOTE-0101-01237","131021182","Hostal San Francisco de Asis","Gazcue","Distrito Nacional","Vigente","Activa","Abierto","2026-03-24","8096850101",""
"Establecimientos de hospedaje","Hoteles","EH-HOTE-1101-00102","130158495","MAJESTIC COLONIAL PUNTA CANA","Uvero Alto","La Altagracia","En proceso","Activa","Abierto","","8095623344",""
"Establecimientos de hospedaje","Hoteles","EH-HOTE-1101-01269","101704101","DREAMS FLORA RESORT & SPA","Cabeza de Toro","La Altagracia","Vigente","Activa","Abierto","2026-12-11","8092212626",""
"Establecimientos de hospedaje","Hoteles","EH-HOTE-0101-00929","130528642","Holiday Inn Santo Domingo Hotel","Piantini","Distrito Nacional","Vigente","Activa","Abierto","2026-12-23","8096210000",""
"Establecimientos de hospedaje","Hoteles","EH-HOTE-1801-01211","130061149","VIVA HEAVENS","Playa Dorada","Puerto Plata","Vigente","Activa","Abierto","2026-10-29","8092618699",""
"Establecimientos de hospedaje","Hoteles","EH-HOTE-1101-01324","101853621","Lopesan Costa Bávaro","Playa Bávaro","La Altagracia","Vigente","Activa","Abierto","2026-11-27","8095676665",""
"Establecimientos de hospedaje","Hoteles","EH-HOTE-1101-01286","101817331","Paradisus Palma Real","Playa Bávaro","La Altagracia","En proceso","Activa","Abierto","","8096885000",""
"Establecimientos de hospedaje","Hoteles","EH-APHO-0101-00042","101071141","Plaza Florida Suites","Gazcue","Distrito Nacional","Vencida","Inactiva","Abierto","2025-11-19","8094121212",""
"Establecimientos de hospedaje","Hoteles","EH-HOTE-0101-00246","130348006","COURTYARD","La Esperilla","Distrito Nacional","En proceso","Activa","Abierto","","8094755533",""
"Establecimientos de hospedaje","Hoteles","EH-HOTE-1101-00210","130466785","MAJESTIC ELEGANCE PUNTA CANA","playa Bávaro","La Altagracia","Vigente","Activa","Abierto","2026-06-11","8092219898",""
"Establecimientos de hospedaje","Hoteles","EH-HOTE-0101-01249","130296065","PRINCESS SANTO DOMINGO HOTEL Y CASINO","Bella Vista","Distrito Nacional","Vigente","Activa","Cerrado","2026-03-14","8097323333",""
"Establecimientos de hospedaje","Hoteles","EH-HOTE-2003-00208","131819451","AFREEKA BEACH HOTEL & music bar","Punta Popi","Samaná","Vencida","Inactiva","Abierto","2023-03-25","8099672157",""
"Establecimientos de hospedaje","Apartahotel","EH-APHO-1101-01253","130032272","THE GOLF SUITES GS","Bávaro","La Altagracia","Vigente","Activa","Abierto","2026-04-14","8095528888",""
"Establecimientos de hospedaje","Hoteles","EH-HOTE-1101-00117","130007934","BAHIA PRINCIPE GRAND PUNTA CANA","Bávaro","La Altagracia","Vigente","Activa","Abierto","2026-10-10","8095471654",""
"Establecimientos de hospedaje","Hoteles","EH-HOTE-1101-01326","101853621","INFA Villas Bávaro Beach","Playa Uvero Alto","La Altagracia","Vencida","Inactiva","Abierto","2017-12-21","8092218555",""
"Establecimientos de hospedaje","Hoteles","EH-HOTE-1102-00297","131278401","Hotel Dreams Dominicus La Romana","Dominicus - Bayahibe","La Altagracia","Vigente","Activa","Abierto","2026-07-31","8097546664",""
"Establecimientos de hospedaje","Apartahotel","EH-APHO-0101-00162","130545881","SHAKEY","Gazcue","Distrito Nacional","En proceso","Activa","Abierto","","8096891237",""
"Establecimientos de hospedaje","Hoteles","EH-HOTE-1801-00840","105002108","HOTEL VH ATMOSPHERE ADULT RESORT BEACH CLUB","Playa Dorada","Puerto Plata","No aplica","No aplica","Cerrado","","8092618609",""
"Establecimientos de hospedaje","Hoteles","EH-HOTE-3201-01113","130259585","Restaurante Doña Clara","Dominicus - Bayahibe","Santo Domingo","Vencida","Inactiva","Cerrado","2019-03-05","8098330159",""
"Establecimientos de hospedaje","Hoteles","EH-HOTE-1101-00121","101510145","Hotel Riu Palace Bavaro","Playa Bávaro","La Altagracia","Vigente","Activa","Abierto","2027-01-07","8092212290",""
"Establecimientos de hospedaje","Hoteles","EH-HOTE-1101-00682","101510145","Riu Republica","Bávaro","La Altagracia","Incompleta","Inactiva","Abierto","","",""
"Establecimientos de hospedaje","Hoteles","EH-HOTE-1101-00026","101533617","EXCELLENCE EL CARMEN","Uvero Alto","La Altagracia","Vigente","Activa","Abierto","2027-02-12","8096859880",""
"Establecimientos de hospedaje","Hoteles","EH-HOTE-1201-00081","101712325","CATALONIA BAYAHIBE","Dominicus - Bayahibe","La Altagracia","Vigente","Activa","Abierto","","8094120000",""
"Establecimientos de hospedaje","Hoteles","EH-HOTE-0101-01128","130053448","Hotel Mistik","Gazcue","Distrito Nacional","No aplica","No aplica","Cerrado","2019-03-13","8096863627",""
"Establecimientos de hospedaje","Hoteles","EH-HOTE-1101-00870","101669373","Occidental Punta Cana","Bávaro","La Altagracia","En proceso","Activa","Abierto","","8094875691",""
"Establecimientos de hospedaje","Hoteles","EH-HOTE-2003-00093","130099103","VIVA V SAMANÁ","Las Terrenas","Samaná","Vigente","Activa","Abierto","2026-11-17","8095626001",""
"Establecimientos de hospedaje","Hoteles","EH-HOTE-0101-00247","101892382","Quality Hotel","Las Americas","Santo Domingo","Incompleta","Inactiva","Abierto","","8097404555",""
"Establecimientos de hospedaje","Hoteles","EH-HOTE-2003-00146","130099103","SUBLIME SAMANÁ HOTEL & RESIDENCES","Playa Cosón","Samaná","Vigente","Activa","Abierto","2027-02-04","8092405050",""
"Establecimientos de hospedaje","Hoteles","EH-HOTE-3204-02554","130216282","HOTEL RESTAURANTE HAMILTON","La Milagrosa","Santo Domingo","Sin licencia","En formación","Abierto","","8095236731",""
"Establecimientos de hospedaje","Hoteles","EH-HOTE-1101-02562","130677842","MARGARITAVILLE ISLAND RESERVE","Playa Juanillo","La Altagracia","Vencida","Inactiva","Abierto","2025-07-18","8095631273",""
"Establecimientos de hospedaje","Apartahotel","EH-APHO-1807-02563","105043132","PESCHKE INVERSIONES","Cabarete","Puerto Plata","Sin licencia","En formación","Cerrado","","8097644434",""
"Establecimientos de hospedaje","Hoteles","EH-HOTE-1101-02578","130937052","THE GREEK RESORT","El Cortecito","La Altagracia","Sin licencia","En formación","Cerrado","","8095440000",""
"Establecimientos de hospedaje","Hoteles","EH-HOTE-2001-02581","131486827","AVENTURA RINCON ECOLODGE","La Sangría","Distrito Nacional","Sin licencia","En formación","Abierto","","8097070434",""
"Establecimientos de hospedaje","Hoteles","EH-HOTE-1101-02591","101770912","HOTEL ROYALTON SPLASH PUNTA CANA RESORT & SPA","Playa Arena Gorda","La Altagracia","Vigente","Activa","Abierto","2027-02-16","8293804897",""
"Establecimientos de hospedaje","Hoteles","EH-HOTE-1101-02601","131348734","FINEST PUNTA CANA, DR","Uvero Alto","La Altagracia","Vigente","Activa","Abierto","2026-10-02","8097572300",""
"Establecimientos de hospedaje","Hoteles","EH-HOTE-0101-02611","130795444","BOCA BEACH RESIDENCE HOTEL","Boca Chica","Santo Domingo","No aplica","No aplica","Cerrado","2023-09-06","8492697890",""
"Establecimientos de hospedaje","Apartahotel","EH-APHO-3204-02617","131809294","NIMAT HOTEL","Boca Chica","Santo Domingo","No aplica","No aplica","Cerrado","","8092993947",""
"Establecimientos de hospedaje","Hoteles","EH-HOTE-2001-02620","130500401","HACIENDA SAMANA BAY HOTEL & RESIDENCES","La Aguada","Samaná","Vigente","Activa","Abierto","2026-07-28","8094755533",""
"Establecimientos de hospedaje","Hoteles","EH-APHO-3204-02658","131361471","APARTA HOTEL AZZURRA","Boca Chica","Santo Domingo","Sin licencia","En formación","Abierto","","8093504740",""
"Establecimientos de hospedaje","Hoteles","EH-HOTE-3201-02662","101093641","HOTEL RESTAURANT NIGHT CLUB TROPICANA","Ensanche Isabelita","Santo Domingo","Vigente","Activa","Abierto","2026-03-10","8098760220",""
"Establecimientos de hospedaje","Hoteles","EH-HOTE-1102-02670","130268282","HM ALMA DE BAYAHÍBE","bayahibe","La Altagracia","Vigente","Activa","Abierto","2027-01-27","8293403667",""
"Establecimientos de hospedaje","Hoteles","EH-HOTE-2003-01102","110645262","Las Palmas del Mar de Gasperin","Las Terrenas","Samaná","Sin licencia","En formación","Cerrado","","",""
"Establecimientos de hospedaje","Hoteles","EH-HOTE-1101-01114","131470068","HOTEL CAPRI JN DE PLAYA","Playa Bávaro","La Altagracia","Sin licencia","En formación","Cerrado","","",""
"Establecimientos de hospedaje","Hoteles","EH-HOTE-1101-01134","131495062","Las Flores","Punta Cana","La Altagracia","No aplica","No aplica","Cerrado","2019-08-08","",""
"Establecimientos de hospedaje","Hoteles","EH-HOTE-1102-04185","55555555","HOTEL MITUR","Los Peralejos","Distrito Nacional","Sin licencia","En formación","Abierto","","5555555555",""
"Establecimientos de hospedaje","Hoteles","EH-HOTE-1303-00926","132119045","HOSTAL CAFE COLAO","Jarabacoa","La Vega","Sin licencia","En formación","Abierto","","18093659131",""
"Establecimientos de hospedaje","Hoteles","EH-HOTE-2003-01301","101568011","LA RESIDENCIA DEL PASEO","Las Terrenas","Samaná","Vencida","Inactiva","Abierto","2020-04-16","8092406778",""
"Establecimientos de hospedaje","Apartahotel","EH-APHO-0601-02690","131428827","ALL MY HOBBIES TOGETHER (APHO)","Seccion Mirabel","Duarte","Sin licencia","En formación","Abierto","","8295262620",""
"Establecimientos de hospedaje","Hoteles","EH-HOTE-2501-02697","130345104","HOTEL CENTURY PLAZA SAS","Santiago - Centro Ciudad","Santiago","Vencida","Inactiva","Abierto","2025-09-10","8295832000",""
"Establecimientos de hospedaje","Hoteles","EH-HOTE-2801-02703","130671168","AQUARIUS, HOTEL BAR Y RESTAURANT","Bonao - Centro","Monseñor Nouel","En proceso","Activa","Abierto","","8095254366",""
"Establecimientos de hospedaje","Hoteles","EH-HOTE-3204-02710","130809437","HOSTAL-RESTAURANT BATEY BOCA CHICA","Boca Chica","Santo Domingo","Sin licencia","En formación","Abierto","","8095235986",""
"Establecimientos de hospedaje","Apartahotel","EH-APHO-1801-02721","132394692","COFRESI HILLS RESIDENCE","Cofresi","Puerto Plata","Vencida","Inactiva","Abierto","2025-12-06","8295607190",""
"Establecimientos de hospedaje","Hoteles","EH-HOTE-0101-02758","131377343","MAUAD HOTEL BOUTIQUE & SPA","Gazcue","Distrito Nacional","Vencida","Inactiva","Abierto","2023-02-18","8299862729",""
"Establecimientos de hospedaje","Hoteles","EH-HOTE-1303-02762","131834531","HOTEL JARABA","Jarabacoa","La Vega","Sin licencia","En formación","Abierto","","8095742280",""
"Establecimientos de hospedaje","Hoteles","EH-HOTE-1807-02777","130766045","ANTON REEF","El Batey","Puerto Plata","Sin licencia","En formación","Abierto","","8095712143",""
"Establecimientos de hospedaje","Apartahotel","EH-APHO-3204-02778","131249051","VISTA MARINA RESIDENCE","Boca Chica","Santo Domingo","Sin licencia","En formación","Abierto","","8095081620",""
"Establecimientos de hospedaje","Hoteles","EH-HOTE-2302-02782","130903281","HOTEL CORAL COSTA CARIBE","Juan Dolio","San Pedro de Macorís","Vencida","Inactiva","Cerrado","2026-03-03","8095626725",""
"Establecimientos de hospedaje","Hoteles","EH-HOTE-0201-02812","132355806","HOTEL MONTE MAR","Pajarito","Azua","Vencida","Inactiva","Abierto","2023-06-07","8097046861",""
"Establecimientos de hospedaje","Hoteles","EH-HOTE-1101-02819","131092985","ROYALTON CHIC PUNTA CANA","Los Cambrones","La Altagracia","Incompleta","Inactiva","Abierto","","8094680404",""
"Establecimientos de hospedaje","Hoteles","EH-HOTE-2102-02824","132477596","NAJAYO BEACH CLUB","Playa Najayo","San Cristóbal","Incompleta","Inactiva","Abierto","","8094755533",""
"Establecimientos de hospedaje","Hoteles","EH-HOTE-1101-02825","132446046","HOTEL BULLY BY LORCA","El Tamarindo","La Altagracia","Sin licencia","En formación","Abierto","","8095544405",""
"Establecimientos de hospedaje","Hoteles","EH-HOTE-2001-02829","132182219","LUTIX HOTELS","El Limón","Samaná","Vencida","Inactiva","Abierto","2024-08-28","8098464253",""
"Establecimientos de hospedaje","Hoteles","EH-HOTE-3204-01016","101157623","BOCAGRANDESHOTELSUITES","Villa Francisca","Santo Domingo","Sin licencia","En formación","Cerrado","","8095338484",""
"Establecimientos de hospedaje","Hoteles","EH-HOTE-1101-02846","101563372","IBEROSTAR SELECTION CORAL BAVARO","Macao","La Altagracia","Vigente","Activa","Abierto","2026-08-01","8095623344",""
"Establecimientos de hospedaje","Hoteles","EH-HOTE-1807-02853","131623247","CARIBBEAN DIAMOND HOTEL","Playa Chiquina","Puerto Plata","Sin licencia","En formación","Abierto","","8094619452",""
"Establecimientos de hospedaje","Hoteles","EH-HOTE-3204-02865","2400147357","CASTELLO ITALIANO","Boca Chica","Santo Domingo","Sin licencia","En formación","Abierto","","8098643254",""
"Establecimientos de hospedaje","Hoteles","EH-HOTE-0401-02900","132456033","EL EVEREST HOTEL SRL","Barahona","Barahona","No aplica","No aplica","Cerrado","","8498037265",""
"Establecimientos de hospedaje","Hoteles","EH-HOTE-2003-02904","131815502","HOTEL BOUTIQUE SAVOY","Las Terrenas","Samaná","Sin licencia","En formación","Abierto","","8092405364",""
"Establecimientos de hospedaje","Hoteles","EH-HOTE-1203-02948","132334779","HOTEL HALIBUT","La Romana","La Romana","Vencida","Inactiva","Abierto","2024-11-15","8093844484",""
"Establecimientos de hospedaje","Hoteles","EH-HOTE-0101-02960","132211677","HOTEL ELEMENTS HISTORIC DISTRICT","Zona Colonial","Distrito Nacional","No aplica","No aplica","Cerrado","","8093905901",""
"Establecimientos de hospedaje","Hoteles","EH-HOTE-1302-02962","101671807","CABAÑAS DE LA MONTAÑA ALMONTE CASTILLO","La Vega","La Vega","Vigente","Activa","Abierto","2026-08-26","8095393268",""
"Establecimientos de hospedaje","Hoteles","EH-HOTE-0206-02995","131671268","HOTEL AA","Sabana Yegua","Azua","Sin licencia","En formación","Abierto","","8095211067",""
"Establecimientos de hospedaje","Apartahotel","EH-APHO-0401-03000","132381922","VILLA MARIA STANLEY VACACIONAL","Barahona","Barahona","Sin licencia","En formación","Cerrado","","8095438906",""
"Establecimientos de hospedaje","Hoteles","EH-HOTE-2003-03006","101157534","LAS CAYENAS BEACH HOTEL KANESH","Las Terrenas","Samaná","Vencida","Inactiva","Abierto","2025-07-17","8092406080",""
"Establecimientos de hospedaje","Hoteles","EH-HOTE-1101-03021","131918832","HOTEL ARENA","Higuey - Centro Ciudad","La Altagracia","Sin licencia","En formación","Abierto","","8094690353",""
"Establecimientos de hospedaje","Hoteles","EH-HOTE-2501-03023","102619761","HOTEL MATUM","Santiago - Centro Ciudad","Santiago","Vigente","Activa","Abierto","2026-12-15","8095813107",""
"Establecimientos de hospedaje","Hoteles","EH-HOTE-3201-03029","130589471","THE CITY INN HOTEL","Lucerna","Santo Domingo","Sin licencia","En formación","Cerrado","","8094833313",""
"Establecimientos de hospedaje","Apartahotel","EH-APHO-0101-03049","131883087","PLAZA ROMAN","Ciudad Nueva","Distrito Nacional","No aplica","No aplica","Cerrado","","8493537832",""
"Establecimientos de hospedaje","Hoteles","EH-HOTE-0101-03059","132430514","HOTEL DON CHAGO","Zona Colonial","Distrito Nacional","Sin licencia","En formación","Cerrado","","8098951000",""
"Establecimientos de hospedaje","Hoteles","EH-HOTE-1101-03085","132301013","MELINA HOTEL","Higuey - Centro Ciudad","La Altagracia","Sin licencia","En formación","Abierto","","8095540808",""
"Establecimientos de hospedaje","Hoteles","EH-HOTE-0101-03102","132211677","Santo Paradiso","Gazcue","Distrito Nacional","Sin licencia","En formación","Abierto","","8292138906",""
"Establecimientos de hospedaje","Apartahotel","EH-APHO-2003-03103","13400012491","HOTEL FATA MORGANA","Las Terrenas","Samaná","Sin licencia","En formación","Abierto","","8098365541",""
"Establecimientos de hospedaje","Apartahotel","EH-HOTE-1807-03105","105059827","HOTEL RESTAURANT DON ANDRES","Puerto Plata - Centro Ciudad","Puerto Plata","Sin licencia","En formación","Abierto","","8098562005",""
"Establecimientos de hospedaje","Hoteles","EH-HOTE-0101-03110","130057842","HOTEL RESTAURANTE LA LLAVE DEL MAR","Ciudad Nueva","Distrito Nacional","Sin licencia","En formación","Abierto","","8096825961",""
"Establecimientos de hospedaje","Apartahotel","EH-HOTE-2003-01254","110124864","VILLA PALOMA","Pueblo de los Pescadores","Samaná","Sin licencia","En formación","Cerrado","","8095195077",""
"Establecimientos de hospedaje","Apartahotel","EH-APHO-1801-03131","132320328","SKYLIGHT","Cofresi","Puerto Plata","Sin licencia","En formación","Abierto","","8297664322",""
"Establecimientos de hospedaje","Hoteles","EH-HOTE-1101-03140","132263006","RANCHO PARAISO PUNTA CANA","Verón","La Altagracia","Sin licencia","En formación","Cerrado","","8094621964",""
"Establecimientos de hospedaje","Hoteles","EH-HOTE-1807-03151","131678971","El gallo ecolodge","puerto plata","Puerto Plata","Vigente","Activa","Abierto","2026-06-23","8498601414",""
"Establecimientos de hospedaje","Hoteles","EH-HOTE-1303-03165","132662296","AVENTURAS EN LAS MONTAÑAS CAFE COLAO HOTEL BAR & RESTAURANTE (HOTEL)","Jarabacoa","La Vega","Vencida","Inactiva","Abierto","2025-01-15","8097610793",""
"Establecimientos de hospedaje","Hoteles","EH-HOTE-2001-03164","131913652","CASA DOCIA HOTEL","Samaná","Samaná","Sin licencia","En formación","Cerrado","","8095382497",""
"Establecimientos de hospedaje","Hoteles","EH-HOTE-1302-03210","131936352","LA POSADA DIVINA","El arenoso","La Vega","Sin licencia","En formación","Abierto","","8293678963",""
"Establecimientos de hospedaje","Apartahotel","EH-APHO-2301-03237","101686944","APARTA HOTEL CASA CLARA","San Pedro - Centro Ciudad","San Pedro de Macorís","Sin licencia","En formación","Cerrado","","8096097518",""
"Establecimientos de hospedaje","Hoteles","EH-HOTE-0101-03247","131653561","TEMPTATION GRAND MICHES RESORT","Miches","El Seibo","Vencida","Inactiva","Abierto","2024-11-17","8094680050",""
"Establecimientos de hospedaje","Hoteles","EH-HOTE-0101-03246","131653561","SUNRISE MICHES BEACH RESORT","Miches","El Seibo","No aplica","No aplica","Cerrado","","8094680020",""
"Establecimientos de hospedaje","Hoteles","EH-HOTE-3201-03254","131936857","LA CUEVA DEL EDÉN","Los Frailes II","Santo Domingo","Sin licencia","En formación","Abierto","","8096970089",""
"Establecimientos de hospedaje","Hoteles","EH-HOTE-3203-03217","130895122","El Morro Eco Adventure Hotel","Playita de Los Italianos","Monte Cristi","Sin licencia","En formación","Abierto","","8498861605",""
"Establecimientos de hospedaje","Hoteles","EH-HOTE-0101-03183","130137129","HOTEL SAN MARCO","Zona Universitaria","Distrito Nacional","Sin licencia","En formación","Abierto","","8096862876",""
"Establecimientos de hospedaje","Hoteles","EH-HOTE-1101-03265","132432487","Naranjo Hotel Boutique","Higuey - Centro Ciudad","La Altagracia","Sin licencia","En formación","Abierto","","8097233341",""
"Establecimientos de hospedaje","Hoteles","EH-HOTE-1601-03184","131446752","VISTA DE AGUILAS ECOLODGE","Pedernales - Centro","Pedernales","Sin licencia","En formación","Abierto","","8098809726",""
"Establecimientos de hospedaje","Hoteles","EH-HOTE-2001-03268","PAM214052","COCUYO PROJECT","Monte Rojo","Samaná","Vencida","Inactiva","Abierto","2024-05-26","8098298698",""
"Establecimientos de hospedaje","Hoteles","EH-HOTE-1808-03208","04000132250","PARADISE ISLAND","Punta Rucia","Puerto Plata","Sin licencia","En formación","Abierto","","8097565878",""
"Establecimientos de hospedaje","Hoteles","EH-HOTE-1102-03276","130043213","HOTEL CASERMA 2","El Limón, Bayahibe","La Altagracia","Sin licencia","En formación","Abierto","","8099668418",""
"Establecimientos de hospedaje","Hoteles","EH-HOTE-1801-03294","03701026464","HOTEL VICTORIANO","Puerto Plata - Centro Ciudad","Puerto Plata","Sin licencia","En formación","Abierto","","8293575124",""
"Establecimientos de hospedaje","Hoteles","EH-HOTE-3204-03296","00112910906","HOTEL VICENTINA","Boca Chica","Santo Domingo","Sin licencia","En formación","Abierto","","8295706050",""
"Establecimientos de hospedaje","Hoteles","EH-HOTE-1101-03304","00112215777","Ekhotel Suero Campestre","Bávaro","La Altagracia","Sin licencia","En formación","Abierto","","8095450889",""
"Establecimientos de hospedaje","Hoteles","EH-HOTE-1801-03319","04000132250","EL PARAISO TOURS","Playa Punta Rucia","Puerto Plata","Sin licencia","En formación","Abierto","","8099941878",""
"Establecimientos de hospedaje","Hoteles","EH-HOTE-1801-03320","03700687274","Sunshine Hotel & Restaurant","Costa Dorada","Puerto Plata","Sin licencia","En formación","Abierto","","8293411421",""
"Establecimientos de hospedaje","Hoteles","EH-HOTE-1807-03322","40221962315","United Partners Group SRL","Playa Alicia","Puerto Plata","Sin licencia","En formación","Abierto","","8295590641",""
"Establecimientos de hospedaje","Hoteles","EH-HOTE-2003-03324","131839894","hotel casa grande","Playa Bonita","Samaná","Sin licencia","En formación","Abierto","","8093509875",""
"Establecimientos de hospedaje","Apartahotel","EH-APHO-1807-03332","09700252936","CONDOMINIO LAS MARGARITAS","Luperón","Puerto Plata","Sin licencia","En formación","Abierto","","8097228167",""
"Establecimientos de hospedaje","Hoteles","EH-HOTE-1807-03338","40222870392","Diversity Hotel","Costa Dorada","Puerto Plata","Sin licencia","En formación","Cerrado","","8099892999",""
"Establecimientos de hospedaje","Hoteles","EH-HOTE-1101-03354","119019011","BRISAS DE BAVARO","PLAYA EL CORTECITO","La Altagracia","Sin licencia","En formación","Abierto","","8095520941",""
"Establecimientos de hospedaje","Hoteles","EH-HOTE-1101-03365","119501476","FELO HOTEL","Los Manatiales","La Altagracia","Sin licencia","En formación","Abierto","","8094551684",""
"Establecimientos de hospedaje","Hoteles","EH-HOTE-0101-03369","132509218","SUPER 8","El Moro","Monte Cristi","Vencida","Inactiva","Abierto","2026-03-04","8496502431",""
"Establecimientos de hospedaje","Hoteles","EH-HOTE-0101-03368","132028287","HILTON GARDEN INN","Caleta","La Romana","Vencida","Inactiva","Abierto","2026-01-09","8097350000",""
"Establecimientos de hospedaje","Hoteles","EH-HOTE-1801-03376","130934185","OCAMA","samana","Samaná","Vigente","Activa","Abierto","2026-03-12","8095865535",""
"Establecimientos de hospedaje","Hoteles","EH-HOTE-2001-03387","131900402","BIO CHALET TROPICAL (HOTEL)","Cayo Levantado","Samaná","Sin licencia","En formación","Abierto","","8099010738",""
"Establecimientos de hospedaje","Hoteles","EH-HOTE-1506-03415","132249951","VILLACRUZ HOTEL RESTAURANT","PLAYA BUEN HOMBRE","Monte Cristi","Vigente","Activa","Abierto","2026-12-08","8094636610",""
"Establecimientos de hospedaje","Hoteles","EH-HOTE-0601-03441","131428827","ALL MY HOBBIES TOGETHER (HOTEL)","LOMA QUITA EPUELA","Duarte","En proceso","Activa","Abierto","","8095880303",""
"Establecimientos de hospedaje","Hoteles","EH-HOTE-0101-03452","132879015","Casa Sanchez Hotel","ZONA COLONIAL","Distrito Nacional","Vigente","Activa","Abierto","2026-04-14","8096827321",""
"Establecimientos de hospedaje","Hoteles","EH-HOTE-1102-03456","131442854","ALKQUIMIA TOURS (HOTEL)","PLAYA BAYAHIBE","La Altagracia","Sin licencia","En formación","Abierto","","8296995852",""
"Establecimientos de hospedaje","Apartahotel","EH-APHO-2001-03462","131900402","BIO CHALET TROPICAL (APHO)","LAS TERRENAS","Samaná","Sin licencia","En formación","Abierto","","8099010738",""
"Establecimientos de hospedaje","Apartahotel","EH-APHO-1101-03487","402199913","APARTAHOTEL DUBAI","PLAYA BAVARO","La Altagracia","Sin licencia","En formación","Abierto","","8293534075",""
"Establecimientos de hospedaje","Hoteles","EH-HOTE-2201-03509","131760198","GIOVANPER INTERNACIONAL","PARQUE CAONABO","San Juan","Sin licencia","En formación","Abierto","","8095573659",""
"Establecimientos de hospedaje","Hoteles","EH-HOTE-2501-03524","132492919","HOTEL ALOHA","Centro de la Ciudad","Santiago","Sin licencia","En formación","Abierto","","8099047212",""
"Establecimientos de hospedaje","Hoteles","EH-HOTE-2001-03554","132643305","CASA COA","LAS GALERAS","Samaná","Sin licencia","En formación","Cerrado","","8296944770",""
"Establecimientos de hospedaje","Hoteles","EH-HOTE-0101-03557","131997287","HOTEL COURTYARD BY MARRIOT - PIANTINI","PIANTINI","Distrito Nacional","Vigente","Activa","Abierto","2026-12-24","8092855891",""
"Establecimientos de hospedaje","Hoteles","EH-HOTE-2001-03559","110643901","HOTEL BALLENAS ESCONDIDAS","LAS GALERAS","Samaná","Sin licencia","En formación","Cerrado","","8296944770",""
"Establecimientos de hospedaje","Apartahotel","EH-APHO-2301-03576","132181328","CABAÑAS GOLD","COLINA II","San Pedro de Macorís","Sin licencia","En formación","Abierto","","8099173703",""
"Establecimientos de hospedaje","Hoteles","EH-HOTE-1101-03593","131770193","SERENADE ALL SUITES BY BEST HOTELS","PLAYA BAVARO","La Altagracia","Vigente","Activa","Abierto","2027-02-19","8295200875",""
"Establecimientos de hospedaje","Hoteles","EH-HOTE-2501-03625","131490026","Palmetto Hotel","santiago","Santiago","Sin licencia","En formación","Abierto","","8092414821",""
"Establecimientos de hospedaje","Hoteles","EH-HOTE-0101-03630","132039459","SECRETS TIDES PUNTA CANA","playa uvero","La Altagracia","Vigente","Activa","Abierto","2027-02-10","8094677193",""
"Establecimientos de hospedaje","Hoteles","EH-HOTE-0101-03637","130896331","ALOFT","Piantini","Distrito Nacional","Vigente","Activa","Abierto","2026-07-09","8099149234",""
"Establecimientos de hospedaje","Hoteles","EH-HOTE-1303-03645","103036392","Hotel Pinar Dorado","JARABACOA","La Vega","Sin licencia","En formación","Abierto","","8095746304",""
"Establecimientos de hospedaje","Hoteles","EH-HOTE-0101-03649","132509218","WYNDHAM GARDEN","playa el morro","Monte Cristi","En proceso","Activa","Abierto","","8097338257",""
"Establecimientos de hospedaje","Hoteles","EH-HOTE-1801-03684","131146783","HOTEL EL PALACIO","cofresi","Puerto Plata","Sin licencia","En formación","Abierto","","8092992014",""
"Establecimientos de hospedaje","Apartahotel","EH-APHO-1303-03694","103155596","Villas y Apartahoteles Brisas de Los Alpes","jarabacoa","La Vega","Sin licencia","En formación","Abierto","","8092230428",""
"Establecimientos de hospedaje","Hoteles","EH-HOTE-1601-03661","131581897","ECO DEL MAR MANAGEMENT","bahia de las aguilas","Pedernales","Sin licencia","En formación","Abierto","","8099589358",""
"Establecimientos de hospedaje","Hoteles","EH-HOTE-2501-03732","132079396","RESIDENCE INN","santiago","Santiago","Sin licencia","En formación","Abierto","","8299472222",""
"Establecimientos de hospedaje","Hoteles","EH-HOTE-1101-03734","131507281","SINGLE ONE RESIDENCES","playa bavaro","La Altagracia","Sin licencia","En formación","Cerrado","","8092550980",""
"Establecimientos de hospedaje","Hoteles","EH-HOTE-0901-03736","132369572","Hotel Green Palace","moca","Espaillat","Sin licencia","En formación","Abierto","","8098233242",""
"Establecimientos de hospedaje","Hoteles","EH-HOTE-0101-03791","130896331","MARRIOTT","","Distrito Nacional","En proceso","Activa","Abierto","","8097544791",""
"Establecimientos de hospedaje","Hoteles","EH-HOTE-0101-03825","131471226","HOTEL KIMPTON LAS MERCEDES","","Distrito Nacional","Vencida","Inactiva","Abierto","2025-07-30","8095081818",""
"Establecimientos de hospedaje","Hoteles","EH-HOTE-2702-03838","132403142","Hacienda Samanes","","Valverde","Sin licencia","En formación","Abierto","","8095013099",""
"Establecimientos de hospedaje","Hoteles","EH-HOTE-1402-03911","131789072","CHALET CABRERA","","María Trinidad Sánchez","Sin licencia","En formación","Abierto","","8097571175",""
"Establecimientos de hospedaje","Apartahotel","EH-APHO-1402-03912","131973231","Faro Breton","","María Trinidad Sánchez","Sin licencia","En formación","Abierto","","8293396547",""
"Establecimientos de hospedaje","Hoteles","EH-HOTE-2001-03914","110001012","ARENA BOUTIQUE S&S","","Samaná","Sin licencia","En formación","Abierto","","8093906080",""
"Establecimientos de hospedaje","Apartahotel","EH-APHO-1402-03915","131645331","T'MAR APARTAMENTOS LUCAS, SRL","","María Trinidad Sánchez","Sin licencia","En formación","Abierto","","8293805466",""
"Establecimientos de hospedaje","Hoteles","EH-HOTE-0101-03920","132122666","CONDO HOTEL PLAYA LAS BALLENAS - CONDHOPLABA","","Samaná","En proceso","Activa","Abierto","","8095081818",""
"Establecimientos de hospedaje","Apartahotel","EH-APHO-2001-03927","132557778","EDMA APARTAHOTEL","","Samaná","Sin licencia","En formación","Abierto","","8094795120",""
"Establecimientos de hospedaje","Apartahotel","EH-APHO-1807-03937","09700280192","Le Ress","","Puerto Plata","Sin licencia","En formación","Abierto","","8492433332",""
"Establecimientos de hospedaje","Hoteles","EH-HOTE-2301-03938","131526322","HOTEL EL CONGRE","","San Pedro de Macorís","Sin licencia","En formación","Abierto","","8095268279",""
"Establecimientos de hospedaje","Apartahotel","EH-APHO-1808-03967","132300084","DON BULULO CAMPING LODGE","","Puerto Plata","Sin licencia","En formación","Abierto","","8494497634",""
"Establecimientos de hospedaje","Hoteles","EH-HOTE-1101-04013","132461462","HOTEL MARIA BONITA HIGUEY","","La Altagracia","Sin licencia","En formación","Abierto","","8097959339",""
"Establecimientos de hospedaje","Hoteles","EH-HOTE-2003-04023","132243382","EMPYREAN HOTEL BOUTIQUE","","Samaná","Sin licencia","En formación","Abierto","","8094811559",""
"Establecimientos de hospedaje","Hoteles","EH-HOTE-2501-04060","131787606","AC HOTELS","SANTIAGO","Santiago","Vigente","Activa","Abierto","2026-06-25","8094755533",""
"Establecimientos de hospedaje","Hoteles","EH-HOTE-0101-04063","132243382","EMPYREAN HOTEL BOUTIQUE","","Distrito Nacional","Sin licencia","En formación","Abierto","","8094811559",""
"Establecimientos de hospedaje","Hoteles","EH-HOTE-1101-04073","101817331","ZEL","","La Altagracia","Vigente","Activa","Abierto","2026-04-28","8095623344",""
"Establecimientos de hospedaje","Hoteles","EH-HOTE-0101-04079","130462046","Hyatt Centric","","Distrito Nacional","Vencida","Inactiva","Abierto","2026-03-04","8094677193",""
"Establecimientos de hospedaje","Hoteles","EH-HOTE-0101-04080","131616046","HOTEL SANTIAGO","","Santiago","Vigente","Activa","Abierto","2026-04-08","8095626100",""
"Establecimientos de hospedaje","Hoteles","EH-HOTE-1302-04084","131133118","MONCARLO RESTAURANT HOTEL","","La Vega","Sin licencia","En formación","Abierto","","8094672721",""
"Establecimientos de hospedaje","Hoteles","EH-HOTE-0101-04100","131624138","VIVA MICHES","","El Seibo","En proceso","Activa","Abierto","","8095626001",""
"Establecimientos de hospedaje","Apartahotel","EH-APHO-0101-04109","131242545","AMAR’E APARTHOTEL & RESIDENCES","","Samaná","Sin licencia","En formación","Abierto","","8094831125",""
"Establecimientos de hospedaje","Hoteles","EH-HOTE-1401-04110","130645507","Hotel Restaurante Sinaí","","María Trinidad Sánchez","Sin licencia","En formación","Abierto","","8095842284",""
"Establecimientos de hospedaje","Hoteles","EH-HOTE-1801-04123","133207852","Hotel Gutz","","Puerto Plata","Sin licencia","En formación","Cerrado","","8097393744",""
"Establecimientos de hospedaje","Apartahotel","EH-APHO-0101-04137","132217241","LA CURADIÑA HOTEL SURF RETREAT","","Puerto Plata","Vigente","Activa","Abierto","","8495174046",""
"Establecimientos de hospedaje","Hoteles","EH-HOTE-2003-04163","130257205","DU COTE DE COSON","","Samaná","Sin licencia","En formación","Abierto","","8293758973",""
"Establecimientos de hospedaje","Hoteles","EH-HOTE-1501-04164","130909652","HOTEL RESTAURANT MARINA DEL MAR","","Monte Cristi","Incompleta","Inactiva","Abierto","","8095792134",""
"Establecimientos de hospedaje","Hoteles","EH-HOTE-0101-04170","131513042","Donoma Las Terrenas Beach & Spa","","Samaná","Vigente","Activa","Cerrado","2026-12-01","8095631273",""
"Establecimientos de hospedaje","Hoteles","EH-HOTE-1101-04174","132216849","HOTEL MARIMBA","","La Altagracia","Sin licencia","En formación","Abierto","","8293590773",""
"Establecimientos de hospedaje","Hoteles","EH-HOTE-0101-04176","131634232","Hotel Class Colonial Rueda","zona colonial","Distrito Nacional","Sin licencia","En formación","Abierto","","8096884044",""
"Establecimientos de hospedaje","Hoteles","EH-HOTE-1807-04181","130242569","O.W. SOLAR NO.153","","Puerto Plata","Sin licencia","En formación","Abierto","","8493533755",""
"Establecimientos de hospedaje","Hoteles","EH-HOTE-0101-04194","132540808","Nohian Collection Hotels","santiago","Santiago","Vigente","Activa","Abierto","2026-07-31","8298293441",""
"Establecimientos de hospedaje","Apartahotel","EH-APHO-1807-04202","00114511637","Hotel El Magnifico","","Puerto Plata","Sin licencia","En formación","Abierto","","8095710868",""
"Establecimientos de hospedaje","Apartahotel","EH-APHO-0101-04366","131238165","Casa Adefra","","Distrito Nacional","Vigente","Activa","Cerrado","2026-07-21","8094878288",""
"Establecimientos de hospedaje","Hoteles","EH-HOTE-3204-04368","131741411","THE BOAT HOUSE","","Santo Domingo","Sin licencia","En formación","Abierto","","8093308262",""
"Establecimientos de hospedaje","Hoteles","EH-HOTE-1101-04370","132399137","ZEMI HOTELS & RESORTS","","El Seibo","Vigente","Activa","Abierto","2026-10-07","8095493446",""
"Establecimientos de hospedaje","Hoteles","EH-HOTE-0101-04371","131852335","LA CIUDAD DEL OASIS HOTEL & RESTAURANT","","Distrito Nacional","Sin licencia","En formación","Cerrado","","8493530318",""
"Establecimientos de hospedaje","Hoteles","EH-HOTE-1807-04374","130459096","GLIWICECOMERCIAL","","Puerto Plata","Sin licencia","En formación","Abierto","","8095713222",""
"Establecimientos de hospedaje","Apartahotel","EH-APHO-1807-04375","132314761","hotel sea breeze","","Puerto Plata","Sin licencia","En formación","Abierto","","8095714712",""
"Establecimientos de hospedaje","Hoteles","EH-HOTE-1807-04378","130746923","MILLENNIUM RESORT & SPA","","Puerto Plata","Sin licencia","En formación","Abierto","","8095710407",""
"Establecimientos de hospedaje","Hoteles","EH-HOTE-0802-04230","131944523","DREAMS PLAYA ESMERALDA PUNTA CANA","","El Seibo","Incompleta","Inactiva","Abierto","","8095676665",""
"Establecimientos de hospedaje","Hoteles","EH-HOTE-0101-04383","131944523","SECRETS PLAYA ESMERALDA PUNTA CANA","","El Seibo","Incompleta","Inactiva","Abierto","","8095676665",""
"Establecimientos de hospedaje","Hoteles","EH-HOTE-0501-04408","132047125","HOTEL BONANZA","","Dajabón","Sin licencia","En formación","Abierto","","8095798108",""
"Establecimientos de hospedaje","Hoteles","EH-HOTE-1101-04409","131726577","W PUNTA CANA AT UVERO ALTO","Higuey","La Altagracia","Vigente","Activa","Abierto","2026-11-20","8299441603",""
"Establecimientos de hospedaje","Hoteles","EH-HOTE-1808-04417","130720819","PUNTA RUCIA LODGE","","Puerto Plata","Sin licencia","En formación","Abierto","","8498588400",""
"Establecimientos de hospedaje","Hoteles","EH-HOTE-0101-04420","133152711","NUMO GROUP","","Distrito Nacional","Sin licencia","En formación","Cerrado","","8299166992",""
"Establecimientos de hospedaje","Apartahotel","EH-APHO-1101-04429","131962807","APARTAHOTEL DUBAI","","La Altagracia","Sin licencia","En formación","Abierto","","8296393158",""
"Establecimientos de hospedaje","Hoteles","EH-HOTE-0101-04442","130033757","ST. REGIS","","La Altagracia","Vigente","Activa","Cerrado","2026-11-20","8095625555",""
"Establecimientos de hospedaje","Hoteles","EH-HOTE-1101-04446","131834002","CANABAY HOTELS","","La Altagracia","Sin licencia","En formación","Abierto","","8294673104",""
"Establecimientos de hospedaje","Hoteles","EH-HOTE-2501-04479","132610527","Hampton by Hilton - Santiago","","Santiago","En proceso","Activa","Abierto","","8097327240",""
"Establecimientos de hospedaje","Hoteles","EH-HOTE-3204-04489","133182572","Hotel Wuarao","","Santo Domingo","Incompleta","Inactiva","Cerrado","","8097590944",""
"Establecimientos de hospedaje","Apartahotel","EH-APHO-0802-04500","132799382","HOTEL ESMERALDA, LOS FRANCESES","","El Seibo","Sin licencia","En formación","Cerrado","","8096893882",""
"Establecimientos de hospedaje","Hoteles","EH-HOTE-2003-04529","130453101","LLANO DE LOLA DE LAS TERRENAS","","Samaná","En proceso","Activa","Cerrado","","8297144766",""
"Establecimientos de hospedaje","Hoteles","EH-HOTE-0101-04542","133051559","DAYS INN BY WYNDHAM JUAN DOLIO","","San Pedro de Macorís","Sin licencia","En formación","Cerrado","","8297945850",""
"Establecimientos de hospedaje","Hoteles","EH-HOTE-1301-04545","133113262","Santo Cerro Natural Park JNP","","La Vega","Sin licencia","En formación","Cerrado","","8094806597",""
"Establecimientos de hospedaje","Hoteles","EH-HOTE-0101-04553","133433079","Aria Santa Maria","","Distrito Nacional","Incompleta","Inactiva","Cerrado","","8297547114",""
"Establecimientos de hospedaje","Hoteles","EH-HOTE-1801-04568","132193504","Omnaga Enterprise","","Puerto Plata","Sin licencia","En formación","Cerrado","","8495913212",""
"Establecimientos de hospedaje","Apartahotel","EH-APHO-0101-04589","131567738","INMOBILIARIA PALMA DE ORO","","Distrito Nacional","Sin licencia","En formación","Cerrado","","8095688485",""
"Establecimientos de hospedaje","Hoteles","EH-HOTE-1101-04596","132980387","HOTEL BAY SEASONS BY MONTONE","Bayahibe","La Altagracia","Vigente","Activa","Abierto","2027-01-27","8098784519",""
"Establecimientos de hospedaje","Hoteles","EH-HOTE-0101-04616","132452951","Holiday Inn","","Puerto Plata","Incompleta","Inactiva","Cerrado","","8095626725",""
"Establecimientos de hospedaje","Apartahotel","EH-APHO-0101-04641","131783422","HONKY TONK","","La Altagracia","Incompleta","Inactiva","Cerrado","","8297485854",""
"Establecimientos de hospedaje","Apartahotel","EH-APHO-3204-04677","133147041","HOTEL ANSELMO","","Santo Domingo","Incompleta","Inactiva","Abierto","","8096887138",""